subject	subject_label	subject_taxon	subject_taxon_label	subject_gene	subject_gene_label	relation	relation_label	object	object_label	evidence	evidence_label	source	is_defined_by	qualifier	text2gene_evidence
ClinVarVariant:8709	NM_021922.2(FANCE):c.355C>T (p.Gln119Ter)	NCBITaxon:9606	Homo sapiens			GENO:0000840	pathogenic_for_condition	OMIM:600901	Fanconi Anemia, Complementation Group E			PMID:9382107|PMID:11001585	http://data.monarchinitiative.org/ttl/clinvar.ttl	direct	PMID:11726496|PMID:16916801|PMID:15326178|PMID:18450756|PMID:15952209|PMID:20691403|PMID:20947022|PMID:24080498|PMID:26596371|PMID:25865492|PMID:15863662|PMID:21801849|PMID:15180986|PMID:21190940|PMID:26100510|PMID:26311541
ClinVarVariant:208638	NM_000135.2(FANCA):c.4015delC (p.Leu1339Serfs)	NCBITaxon:9606	Homo sapiens			GENO:0000841	likely_pathogenic_for_condition	OMIM:227650	Fanconi Anemia, Complementation Group a				http://data.monarchinitiative.org/ttl/clinvar.ttl	direct	PMID:10521298|PMID:18414213|PMID:26296701
ClinVarVariant:219988	NM_058216.2(RAD51C):c.966-?_1026+?del	NCBITaxon:9606	Homo sapiens			GENO:0000840	pathogenic_for_condition	OMIM:613390	Fanconi anemia, complementation group O				http://data.monarchinitiative.org/ttl/clinvar.ttl	direct
ClinVarVariant:41224	NM_004629.1(FANCG):c.1183_1192delGAGGTGTTTT (p.Glu395Trpfs)	NCBITaxon:9606	Homo sapiens			GENO:0000840	pathogenic_for_condition	OMIM:614082	Fanconi anemia, complementation group G				http://data.monarchinitiative.org/ttl/clinvar.ttl	direct	PMID:20301575
ClinVarVariant:9342	NM_000059.3(BRCA2):c.658_659delGT (p.Val220Ilefs)	NCBITaxon:9606	Homo sapiens			GENO:0000840	pathogenic_for_condition	OMIM:605724	Fanconi anemia, complementation group D1			PMID:14670928|PMID:16825431|PMID:15689453	http://data.monarchinitiative.org/ttl/clinvar.ttl	direct	PMID:26845104|PMID:26976419|PMID:24301060|PMID:23767878|PMID:22009639|PMID:22535016|PMID:14647210|PMID:26064523|PMID:17513806|PMID:22923021|PMID:16912212|PMID:25066507|PMID:26657402|PMID:9667259|PMID:24504028|PMID:25682074
ClinVarVariant:216131	NM_058216.1(RAD51C):c.(?_-1)_(*1_?)del	NCBITaxon:9606	Homo sapiens			GENO:0000840	pathogenic_for_condition	OMIM:613390	Fanconi anemia, complementation group O				http://data.monarchinitiative.org/ttl/clinvar.ttl	direct
ClinVarVariant:216132	NM_058216.2(RAD51C):c.905-2A>C	NCBITaxon:9606	Homo sapiens			GENO:0000840	pathogenic_for_condition	OMIM:613390	Fanconi anemia, complementation group O				http://data.monarchinitiative.org/ttl/clinvar.ttl	direct	PMID:22725699|PMID:26824983
ClinVarVariant:9334	BRCA2, 2-BP INS, 7691AT	NCBITaxon:9606	Homo sapiens			GENO:0000840	pathogenic_for_condition	OMIM:605724	Fanconi anemia, complementation group D1			PMID:12065746	http://data.monarchinitiative.org/ttl/clinvar.ttl	direct
ClinVarVariant:9335	BRCA2, 1-BP INS, 9900A	NCBITaxon:9606	Homo sapiens			GENO:0000840	pathogenic_for_condition	OMIM:605724	Fanconi anemia, complementation group D1			PMID:10433620|PMID:12065746	http://data.monarchinitiative.org/ttl/clinvar.ttl	direct
ClinVarVariant:9336	BRCA2, 7235G-A	NCBITaxon:9606	Homo sapiens			GENO:0000840	pathogenic_for_condition	OMIM:605724	Fanconi anemia, complementation group D1			PMID:12065746	http://data.monarchinitiative.org/ttl/clinvar.ttl	direct
ClinVarVariant:9337	BRCA2, 5837TC-AG	NCBITaxon:9606	Homo sapiens			GENO:0000840	pathogenic_for_condition	OMIM:605724	Fanconi anemia, complementation group D1			PMID:12065746	http://data.monarchinitiative.org/ttl/clinvar.ttl	direct
ClinVarVariant:6340	NM_022725.3(FANCF):c.230_252del23 (p.Val77Glyfs)	NCBITaxon:9606	Homo sapiens			GENO:0000840	pathogenic_for_condition	OMIM:603467	Fanconi Anemia, Complementation Group F			PMID:10615118	http://data.monarchinitiative.org/ttl/clinvar.ttl	direct	 
ClinVarVariant:9338	BRCA2, 8415 G-T	NCBITaxon:9606	Homo sapiens			GENO:0000840	pathogenic_for_condition	OMIM:605724	Fanconi anemia, complementation group D1			PMID:12065746	http://data.monarchinitiative.org/ttl/clinvar.ttl	direct
ClinVarVariant:6822	NM_058216.2(RAD51C):c.773G>A (p.Arg258His)	NCBITaxon:9606	Homo sapiens			GENO:0000840	pathogenic_for_condition	OMIM:613390	Fanconi anemia, complementation group O			PMID:20400963	http://data.monarchinitiative.org/ttl/clinvar.ttl	direct	PMID:20952512|PMID:25154786|PMID:20400964|PMID:26103414|PMID:26740214|PMID:24998779|PMID:22451500|PMID:22167183|PMID:26354865|PMID:25980754|PMID:25833843|PMID:26103413|PMID:27037238|PMID:24141787|PMID:20428093
ClinVarVariant:182844	NM_058216.2(RAD51C):c.224dupA (p.Tyr75Terfs)	NCBITaxon:9606	Homo sapiens			GENO:0000840	pathogenic_for_condition	OMIM:613390	Fanconi anemia, complementation group O				http://data.monarchinitiative.org/ttl/clinvar.ttl	direct	PMID:26681312
ClinVarVariant:10867	FANCB, 3314-BP DEL	NCBITaxon:9606	Homo sapiens			GENO:0000840	pathogenic_for_condition	OMIM:300514	Fanconi Anemia, Complementation Group B			PMID:15502827	http://data.monarchinitiative.org/ttl/clinvar.ttl	direct
ClinVarVariant:199437	NM_014176.3(UBE2T):c.179+5G>A	NCBITaxon:9606	Homo sapiens			GENO:0000840	pathogenic_for_condition	OMIM:616435	Fanconi anemia, complementation group t			PMID:26046368	http://data.monarchinitiative.org/ttl/clinvar.ttl	direct	 
ClinVarVariant:192384	NM_000135.2(FANCA):c.2557C>T (p.Arg853Ter)	NCBITaxon:9606	Homo sapiens			GENO:0000840	pathogenic_for_condition	OMIM:227650	Fanconi Anemia, Complementation Group a			PMID:16116422|PMID:19423727	http://data.monarchinitiative.org/ttl/clinvar.ttl	direct	PMID:26938784|PMID:22089833|PMID:25524009|PMID:12183262
ClinVarVariant:199436	NM_014176.3(UBE2T):c.4C>G (p.Gln2Glu)	NCBITaxon:9606	Homo sapiens			GENO:0000840	pathogenic_for_condition	OMIM:616435	Fanconi anemia, complementation group t			PMID:26046368	http://data.monarchinitiative.org/ttl/clinvar.ttl	direct	PMID:26640811
ClinVarVariant:10868	FANCB, 1-BP DEL, 1650T	NCBITaxon:9606	Homo sapiens			GENO:0000840	pathogenic_for_condition	OMIM:300514	Fanconi Anemia, Complementation Group B			PMID:15502827	http://data.monarchinitiative.org/ttl/clinvar.ttl	direct
ClinVarVariant:208639	NM_001113378.1(FANCI):c.2422A>T (p.Lys808Ter)	NCBITaxon:9606	Homo sapiens			GENO:0000841	likely_pathogenic_for_condition	OMIM:609053	Fanconi Anemia, Complementation Group 1				http://data.monarchinitiative.org/ttl/clinvar.ttl	direct	PMID:18414213|PMID:26296701
ClinVarVariant:188926	NM_000136.2(FANCC):c.65G>A (p.Trp22Ter)	NCBITaxon:9606	Homo sapiens			GENO:0000841	likely_pathogenic_for_condition	OMIM:227645	Fanconi anemia, complementation group C			PMID:17924555|PMID:8844212	http://data.monarchinitiative.org/ttl/clinvar.ttl	direct	PMID:25170203|PMID:11812901|PMID:16923880|PMID:11158409|PMID:21357546|PMID:19417006|PMID:15516848|PMID:11917043|PMID:9371798|PMID:11274260|PMID:16537915|PMID:12670332|PMID:12897151
ClinVarVariant:192385	FANCA, IVS7DS, G-A, +5	NCBITaxon:9606	Homo sapiens			GENO:0000840	pathogenic_for_condition	OMIM:227650	Fanconi Anemia, Complementation Group a			PMID:19423727	http://data.monarchinitiative.org/ttl/clinvar.ttl	direct
ClinVarVariant:30535	NM_032043.2(BRIP1):c.1045G>C (p.Ala349Pro)	NCBITaxon:9606	Homo sapiens			GENO:0000840	pathogenic_for_condition	OMIM:609054	Fanconi Anemia, Complementation Group J			PMID:16116424|PMID:20639400	http://data.monarchinitiative.org/ttl/clinvar.ttl	direct	PMID:23935105|PMID:25941634|PMID:20980836|PMID:25583461|PMID:24728327|PMID:23161009|PMID:22024395|PMID:17145708|PMID:22287629|PMID:18029358|PMID:23276657|PMID:24448499|PMID:21345144|PMID:25374583|PMID:16973432|PMID:24895130|PMID:19150983
ClinVarVariant:12052	FANCC, 250-BP DEL	NCBITaxon:9606	Homo sapiens			GENO:0000840	pathogenic_for_condition	OMIM:227645	Fanconi anemia, complementation group C			PMID:20869034	http://data.monarchinitiative.org/ttl/clinvar.ttl	direct
ClinVarVariant:189053	NM_000136.2(FANCC):c.844-1G>C	NCBITaxon:9606	Homo sapiens			GENO:0000841	likely_pathogenic_for_condition	OMIM:227645	Fanconi anemia, complementation group C			PMID:17924555	http://data.monarchinitiative.org/ttl/clinvar.ttl	direct	 
ClinVarVariant:12048	NM_000136.2(FANCC):c.1555dupA (p.Thr519Asnfs)	NCBITaxon:9606	Homo sapiens			GENO:0000840	pathogenic_for_condition	OMIM:227645	Fanconi anemia, complementation group C			PMID:8829660	http://data.monarchinitiative.org/ttl/clinvar.ttl	direct	 
ClinVarVariant:12039	FANCD2, 376A-G	NCBITaxon:9606	Homo sapiens			GENO:0000840	pathogenic_for_condition	OMIM:227646	Fanconi Anemia, Complementation Group D2			PMID:11239453	http://data.monarchinitiative.org/ttl/clinvar.ttl	direct
ClinVarVariant:6714	NM_004629.1(FANCG):c.307+1G>C	NCBITaxon:9606	Homo sapiens			GENO:0000840	pathogenic_for_condition	OMIM:614082	Fanconi anemia, complementation group G			PMID:10807541	http://data.monarchinitiative.org/ttl/clinvar.ttl	direct	PMID:25703136|PMID:20301575|PMID:23067021
ClinVarVariant:3447	NM_000135.2(FANCA):c.513G>A (p.Trp171Ter)	NCBITaxon:9606	Homo sapiens			GENO:0000840	pathogenic_for_condition	OMIM:227650	Fanconi Anemia, Complementation Group a			PMID:12827451	http://data.monarchinitiative.org/ttl/clinvar.ttl	direct	PMID:25356899|PMID:23445371|PMID:15721608|PMID:17002396|PMID:26647211|PMID:21390252|PMID:18059179|PMID:21723214|PMID:27051597|PMID:25234128|PMID:25788979|PMID:9987124|PMID:26317331|PMID:24356953|PMID:25277308|PMID:16920109
ClinVarVariant:31026	SLX4, 4,890-BP DEL/2-BP INS	NCBITaxon:9606	Homo sapiens			GENO:0000840	pathogenic_for_condition	OMIM:613951	Fanconi anemia, complementation group P			PMID:21240275	http://data.monarchinitiative.org/ttl/clinvar.ttl	direct
ClinVarVariant:41003	NM_000135.2(FANCA):c.3788_3790delTCT (p.Phe1263del)	NCBITaxon:9606	Homo sapiens			GENO:0000840	pathogenic_for_condition	OMIM:227650	Fanconi Anemia, Complementation Group a				http://data.monarchinitiative.org/ttl/clinvar.ttl	direct	PMID:24728327|PMID:20301575
ClinVarVariant:1243	NM_024675.3(PALB2):c.1653T>A (p.Tyr551Ter)	NCBITaxon:9606	Homo sapiens			GENO:0000840	pathogenic_for_condition	OMIM:610832	Fanconi Anemia, Complementation Group N			PMID:17200672	http://data.monarchinitiative.org/ttl/clinvar.ttl	direct	PMID:21285249|PMID:24141787|PMID:21165770|PMID:24998779|PMID:23935836|PMID:23038782|PMID:20871615
ClinVarVariant:6715	NM_004629.1(FANCG):c.1066C>T (p.Gln356Ter)	NCBITaxon:9606	Homo sapiens			GENO:0000840	pathogenic_for_condition	OMIM:614082	Fanconi anemia, complementation group G			PMID:10807541	http://data.monarchinitiative.org/ttl/clinvar.ttl	direct	PMID:25703136|PMID:25236480|PMID:27121511|PMID:12673805|PMID:23067021|PMID:11932019|PMID:12552564|PMID:26596371|PMID:25210520
ClinVarVariant:126614	NM_024675.3(PALB2):c.1676_1677delAAinsG (p.Gln559Argfs)	NCBITaxon:9606	Homo sapiens			GENO:0000840	pathogenic_for_condition	OMIM:610832	Fanconi Anemia, Complementation Group N				http://data.monarchinitiative.org/ttl/clinvar.ttl	direct	PMID:23112754|PMID:26990772
ClinVarVariant:12049	NM_000136.2(FANCC):c.67delG (p.Asp23Ilefs)	NCBITaxon:9606	Homo sapiens			GENO:0000840	pathogenic_for_condition	OMIM:227645	Fanconi anemia, complementation group C			PMID:8639804|PMID:11520787	http://data.monarchinitiative.org/ttl/clinvar.ttl	direct	PMID:20301575|PMID:26740942|PMID:23028338|PMID:24584348|PMID:8348157
ClinVarVariant:1244	PALB2:c.49-?_2586+?del	NCBITaxon:9606	Homo sapiens			GENO:0000840	pathogenic_for_condition	OMIM:610832	Fanconi Anemia, Complementation Group N			PMID:17200672	http://data.monarchinitiative.org/ttl/clinvar.ttl	direct
ClinVarVariant:6716	NM_004629.1(FANCG):c.925-2A>G	NCBITaxon:9606	Homo sapiens			GENO:0000840	pathogenic_for_condition	OMIM:614082	Fanconi anemia, complementation group G			PMID:12552564	http://data.monarchinitiative.org/ttl/clinvar.ttl	direct	PMID:20301575
ClinVarVariant:1245	NM_024675.3(PALB2):c.3549C>G (p.Tyr1183Ter)	NCBITaxon:9606	Homo sapiens			GENO:0000840	pathogenic_for_condition	OMIM:610832	Fanconi Anemia, Complementation Group N			PMID:17200668|PMID:17200671	http://data.monarchinitiative.org/ttl/clinvar.ttl	direct	PMID:18302019|PMID:21153565|PMID:24728327|PMID:22241545|PMID:26283626|PMID:19609323|PMID:24949998|PMID:20177395|PMID:26845104|PMID:24415441|PMID:21365267|PMID:23242139|PMID:23935381|PMID:18053174|PMID:25225577|PMID:19264984|PMID:24998779|PMID:21165770|PMID:20927582
ClinVarVariant:6718	NM_004629.1(FANCG):c.1794_1803delCTGGATCCGT (p.Trp599Profs)	NCBITaxon:9606	Homo sapiens			GENO:0000840	pathogenic_for_condition	OMIM:614082	Fanconi anemia, complementation group G			PMID:12552564	http://data.monarchinitiative.org/ttl/clinvar.ttl	direct	PMID:24465539|PMID:20301575
ClinVarVariant:3448	NM_000135.2(FANCA):c.3720_3724delAAACA (p.Glu1240Aspfs)	NCBITaxon:9606	Homo sapiens			GENO:0000840	pathogenic_for_condition	OMIM:227650	Fanconi Anemia, Complementation Group a			PMID:15523645	http://data.monarchinitiative.org/ttl/clinvar.ttl	direct	PMID:25703136|PMID:25236480|PMID:27121511|PMID:23067021|PMID:25210520
ClinVarVariant:6717	NM_004629.1(FANCG):c.1480+1G>C	NCBITaxon:9606	Homo sapiens			GENO:0000840	pathogenic_for_condition	OMIM:614082	Fanconi anemia, complementation group G			PMID:12552564	http://data.monarchinitiative.org/ttl/clinvar.ttl	direct	PMID:20301575
ClinVarVariant:9333	BRCA2, IVS19, G-A, -1	NCBITaxon:9606	Homo sapiens			GENO:0000840	pathogenic_for_condition	OMIM:605724	Fanconi anemia, complementation group D1			PMID:12065746	http://data.monarchinitiative.org/ttl/clinvar.ttl	direct
ClinVarVariant:6719	NM_004629.1(FANCG):c.637_643delTACCGCC (p.Tyr213Lysfs)	NCBITaxon:9606	Homo sapiens			GENO:0000840	pathogenic_for_condition	OMIM:614082	Fanconi anemia, complementation group G			PMID:11126723|PMID:15657175	http://data.monarchinitiative.org/ttl/clinvar.ttl	direct	PMID:25236480|PMID:25477267|PMID:24136620|PMID:24465539|PMID:26596371|PMID:26962299|PMID:26968956
ClinVarVariant:1246	NM_024675.3(PALB2):c.2962C>T (p.Gln988Ter)	NCBITaxon:9606	Homo sapiens			GENO:0000840	pathogenic_for_condition	OMIM:610832	Fanconi Anemia, Complementation Group N			PMID:17200671	http://data.monarchinitiative.org/ttl/clinvar.ttl	direct	PMID:24728327|PMID:21165770|PMID:21618343|PMID:21365267|PMID:22692731
ClinVarVariant:10870	FANCB, IVS7DS, G-A, +5	NCBITaxon:9606	Homo sapiens			GENO:0000840	pathogenic_for_condition	OMIM:300514	Fanconi Anemia, Complementation Group B			PMID:16679491	http://data.monarchinitiative.org/ttl/clinvar.ttl	direct
ClinVarVariant:182847	NM_058216.2(RAD51C):c.93delG (p.Phe32Serfs)	NCBITaxon:9606	Homo sapiens			GENO:0000840	pathogenic_for_condition	OMIM:613390	Fanconi anemia, complementation group O				http://data.monarchinitiative.org/ttl/clinvar.ttl	direct	 
ClinVarVariant:10869	FANCB, 1-BP INS, 811T	NCBITaxon:9606	Homo sapiens			GENO:0000840	pathogenic_for_condition	OMIM:300514	Fanconi Anemia, Complementation Group B			PMID:15502827	http://data.monarchinitiative.org/ttl/clinvar.ttl	direct
ClinVarVariant:126715	NM_024675.3(PALB2):c.3116delA (p.Asn1039Ilefs)	NCBITaxon:9606	Homo sapiens			GENO:0000840	pathogenic_for_condition	OMIM:610832	Fanconi Anemia, Complementation Group N			PMID:17200668|PMID:17200671	http://data.monarchinitiative.org/ttl/clinvar.ttl	direct	PMID:18302019|PMID:20858716|PMID:21932393|PMID:26283626|PMID:26786923|PMID:19763884|PMID:26845104|PMID:20412113|PMID:19763819|PMID:19264984|PMID:24763289|PMID:23242139|PMID:21165770
ClinVarVariant:209105	NM_007294.3(BRCA1):c.594_597delTGTG (p.Ser198Argfs)	NCBITaxon:9606	Homo sapiens			GENO:0000840	pathogenic_for_condition	OMIM:227650	Fanconi Anemia, Complementation Group a			PMID:25472942	http://data.monarchinitiative.org/ttl/clinvar.ttl	direct	 
ClinVarVariant:220726	NM_058216.2(RAD51C):c.572-?_*120+?del	NCBITaxon:9606	Homo sapiens			GENO:0000840	pathogenic_for_condition	OMIM:613390	Fanconi anemia, complementation group O				http://data.monarchinitiative.org/ttl/clinvar.ttl	direct
ClinVarVariant:219702	NM_058216.2(RAD51C):c.(?_-1)_837+?del	NCBITaxon:9606	Homo sapiens			GENO:0000840	pathogenic_for_condition	OMIM:613390	Fanconi anemia, complementation group O				http://data.monarchinitiative.org/ttl/clinvar.ttl	direct
ClinVarVariant:208580	NM_000135.2(FANCA):c.987_990delTCAC (p.His330Alafs)	NCBITaxon:9606	Homo sapiens			GENO:0000840	pathogenic_for_condition	OMIM:227650	Fanconi Anemia, Complementation Group a			PMID:9371798|PMID:17924555|PMID:10521298|PMID:24584348	http://data.monarchinitiative.org/ttl/clinvar.ttl	direct	PMID:23973728|PMID:24033266|PMID:25863087|PMID:15643609
ClinVarVariant:126748	NM_024675.3(PALB2):c.395delT (p.Val132Alafs)	NCBITaxon:9606	Homo sapiens			GENO:0000840	pathogenic_for_condition	OMIM:610832	Fanconi Anemia, Complementation Group N				http://data.monarchinitiative.org/ttl/clinvar.ttl	direct	PMID:19264984|PMID:21165770|PMID:17200671
ClinVarVariant:140849	NM_058216.2(RAD51C):c.577C>T (p.Arg193Ter)	NCBITaxon:9606	Homo sapiens			GENO:0000840	pathogenic_for_condition	OMIM:613390	Fanconi anemia, complementation group O				http://data.monarchinitiative.org/ttl/clinvar.ttl	direct	PMID:23117857|PMID:25356899|PMID:25086635|PMID:22725699|PMID:26740214|PMID:20084279|PMID:24763289|PMID:22538716|PMID:25470109
ClinVarVariant:8710	NM_021922.2(FANCE):c.421C>T (p.Arg141Ter)	NCBITaxon:9606	Homo sapiens			GENO:0000840	pathogenic_for_condition	OMIM:600901	Fanconi Anemia, Complementation Group E			PMID:11001585	http://data.monarchinitiative.org/ttl/clinvar.ttl	direct	PMID:25902496|PMID:25645665|PMID:16127171|PMID:16287140|PMID:19063897|PMID:10998071|PMID:23650349|PMID:9326318|PMID:25411250|PMID:18816110|PMID:26940150|PMID:17428791|PMID:20821241|PMID:20071773|PMID:19527646|PMID:22105173
ClinVarVariant:126651	NM_024675.3(PALB2):c.2393_2394insCT (p.Thr799Leufs)	NCBITaxon:9606	Homo sapiens			GENO:0000840	pathogenic_for_condition	OMIM:610832	Fanconi Anemia, Complementation Group N				http://data.monarchinitiative.org/ttl/clinvar.ttl	direct	PMID:19264984|PMID:21165770|PMID:17200671
ClinVarVariant:6341	NM_022725.3(FANCF):c.349_395del47 (p.Gly120Profs)	NCBITaxon:9606	Homo sapiens			GENO:0000840	pathogenic_for_condition	OMIM:603467	Fanconi Anemia, Complementation Group F			PMID:10615118|PMID:9382107	http://data.monarchinitiative.org/ttl/clinvar.ttl	direct	 
ClinVarVariant:9339	NM_000059.3(BRCA2):c.8732C>A (p.Ala2911Glu)	NCBITaxon:9606	Homo sapiens			GENO:0000840	pathogenic_for_condition	OMIM:605724	Fanconi anemia, complementation group D1			PMID:12065746	http://data.monarchinitiative.org/ttl/clinvar.ttl	direct	PMID:16115142|PMID:18728395|PMID:17200332|PMID:16445838|PMID:15645491|PMID:25447315|PMID:24395671|PMID:10923033|PMID:12750298|PMID:16825431|PMID:17243162
ClinVarVariant:6342	NM_022725.3(FANCF):c.16C>T (p.Gln6Ter)	NCBITaxon:9606	Homo sapiens			GENO:0000840	pathogenic_for_condition	OMIM:603467	Fanconi Anemia, Complementation Group F			PMID:10615118	http://data.monarchinitiative.org/ttl/clinvar.ttl	direct	PMID:11226273|PMID:24728327|PMID:11063725|PMID:23394097|PMID:12021365|PMID:22950077|PMID:23021409
ClinVarVariant:134256	NM_000135.2(FANCA):c.2574C>G (p.Ser858Arg)	NCBITaxon:9606	Homo sapiens			GENO:0000840	pathogenic_for_condition	OMIM:227650	Fanconi Anemia, Complementation Group a				http://data.monarchinitiative.org/ttl/clinvar.ttl	direct	PMID:23021409|PMID:21273304|PMID:15591268|PMID:27148581|PMID:24728327|PMID:12955722|PMID:22343915|PMID:21279724|PMID:26740942|PMID:25751062|PMID:19367192|PMID:11091222|PMID:26799702|PMID:26119737|PMID:24082139|PMID:24584348|PMID:19139070|PMID:26835301
ClinVarVariant:6343	NM_022725.3(FANCF):c.484_485delCT (p.Leu162Aspfs)	NCBITaxon:9606	Homo sapiens			GENO:0000840	pathogenic_for_condition	OMIM:603467	Fanconi Anemia, Complementation Group F			PMID:10615118	http://data.monarchinitiative.org/ttl/clinvar.ttl	direct	PMID:26740942|PMID:26033879|PMID:11063725|PMID:24728327
ClinVarVariant:6344	NM_022725.3(FANCF):c.327C>G (p.Tyr109Ter)	NCBITaxon:9606	Homo sapiens			GENO:0000840	pathogenic_for_condition	OMIM:603467	Fanconi Anemia, Complementation Group F			PMID:10615118	http://data.monarchinitiative.org/ttl/clinvar.ttl	direct	PMID:11063725
ClinVarVariant:10866	FANCB, 1-BP INS, 1838T	NCBITaxon:9606	Homo sapiens			GENO:0000840	pathogenic_for_condition	OMIM:300514	Fanconi Anemia, Complementation Group B			PMID:15502827	http://data.monarchinitiative.org/ttl/clinvar.ttl	direct
ClinVarVariant:126734	NM_024675.3(PALB2):c.3323delA (p.Tyr1108Serfs)	NCBITaxon:9606	Homo sapiens			GENO:0000840	pathogenic_for_condition	OMIM:610832	Fanconi Anemia, Complementation Group N				http://data.monarchinitiative.org/ttl/clinvar.ttl	direct	PMID:26845104|PMID:23341105|PMID:21165770|PMID:25263539|PMID:17200671
ClinVarVariant:156400	NM_000135.2(FANCA):c.3066+1G>T	NCBITaxon:9606	Homo sapiens			GENO:0000840	pathogenic_for_condition	OMIM:227650	Fanconi Anemia, Complementation Group a				http://data.monarchinitiative.org/ttl/clinvar.ttl	direct	PMID:25953249
ClinVarVariant:189022	NM_000136.2(FANCC):c.520C>T (p.Arg174Ter)	NCBITaxon:9606	Homo sapiens			GENO:0000841	likely_pathogenic_for_condition	OMIM:227645	Fanconi anemia, complementation group C			PMID:9452030	http://data.monarchinitiative.org/ttl/clinvar.ttl	direct	PMID:19289472|PMID:15642336|PMID:21633987|PMID:19073700|PMID:24728327|PMID:18930923|PMID:26901772|PMID:17538929|PMID:27065010|PMID:21922526|PMID:25050558|PMID:18652600|PMID:12670332|PMID:15734741
ClinVarVariant:3443	NM_000135.2(FANCA):c.1615delG (p.Asp539Thrfs)	NCBITaxon:9606	Homo sapiens			GENO:0000840	pathogenic_for_condition	OMIM:227650	Fanconi Anemia, Complementation Group a			PMID:10431244	http://data.monarchinitiative.org/ttl/clinvar.ttl	direct	 
ClinVarVariant:3439	FANCA, 274-BP DEL	NCBITaxon:9606	Homo sapiens			GENO:0000840	pathogenic_for_condition	OMIM:227650	Fanconi Anemia, Complementation Group a			PMID:8896564	http://data.monarchinitiative.org/ttl/clinvar.ttl	direct
ClinVarVariant:12044	NM_000136.2(FANCC):c.553C>T (p.Arg185Ter)	NCBITaxon:9606	Homo sapiens			GENO:0000840	pathogenic_for_condition	OMIM:227645	Fanconi anemia, complementation group C				http://data.monarchinitiative.org/ttl/clinvar.ttl	direct	PMID:8621788|PMID:20509860|PMID:7746372|PMID:24728327|PMID:19459932|PMID:20301575|PMID:16608528|PMID:23028338|PMID:7689011|PMID:9147636|PMID:19264798|PMID:7746424|PMID:12670332|PMID:7517562|PMID:8128956|PMID:1918718
ClinVarVariant:126659	NM_024675.3(PALB2):c.2521delA (p.Thr841Glnfs)	NCBITaxon:9606	Homo sapiens			GENO:0000840	pathogenic_for_condition	OMIM:610832	Fanconi Anemia, Complementation Group N				http://data.monarchinitiative.org/ttl/clinvar.ttl	direct	PMID:17420451|PMID:20122277|PMID:21165770|PMID:23341105|PMID:20852946|PMID:17200671
ClinVarVariant:12050	NM_000136.2(FANCC):c.1487T>G (p.Leu496Arg)	NCBITaxon:9606	Homo sapiens			GENO:0000840	pathogenic_for_condition	OMIM:227645	Fanconi anemia, complementation group C			PMID:10431244	http://data.monarchinitiative.org/ttl/clinvar.ttl	direct	PMID:16252234|PMID:12093742|PMID:8844212|PMID:16445838|PMID:9676027|PMID:12670332
ClinVarVariant:3445	NM_000135.2(FANCA):c.1007_3066del	NCBITaxon:9606	Homo sapiens			GENO:0000840	pathogenic_for_condition	OMIM:227650	Fanconi Anemia, Complementation Group a			PMID:11344308	http://data.monarchinitiative.org/ttl/clinvar.ttl	direct	 
ClinVarVariant:12041	NM_001018115.2(FANCD2):c.958C>T (p.Gln320Ter)	NCBITaxon:9606	Homo sapiens			GENO:0000840	pathogenic_for_condition	OMIM:227646	Fanconi Anemia, Complementation Group D2			PMID:11239453	http://data.monarchinitiative.org/ttl/clinvar.ttl	direct	PMID:25383040|PMID:24039595|PMID:26172206
ClinVarVariant:12046	NM_000136.2(FANCC):c.37C>T (p.Gln13Ter)	NCBITaxon:9606	Homo sapiens			GENO:0000841	likely_pathogenic_for_condition	OMIM:227645	Fanconi anemia, complementation group C			PMID:8103176|PMID:8844212|PMID:8103176|PMID:9207444|PMID:8128956	http://data.monarchinitiative.org/ttl/clinvar.ttl	direct	PMID:12670332|PMID:10037704|PMID:9147636|PMID:20301575|PMID:24584348|PMID:20869034|PMID:12526446|PMID:15880765|PMID:15516848|PMID:2229800|PMID:27065010|PMID:26596371|PMID:26740942|PMID:19758333|PMID:9867861
ClinVarVariant:31021	SLX4, 1-BP DEL, 286A	NCBITaxon:9606	Homo sapiens			GENO:0000840	pathogenic_for_condition	OMIM:613951	Fanconi anemia, complementation group P			PMID:21240277	http://data.monarchinitiative.org/ttl/clinvar.ttl	direct
ClinVarVariant:141823	NM_058216.2(RAD51C):c.405-1G>C	NCBITaxon:9606	Homo sapiens			GENO:0000841	likely_pathogenic_for_condition	OMIM:613390	Fanconi anemia, complementation group O				http://data.monarchinitiative.org/ttl/clinvar.ttl	direct	 
ClinVarVariant:136163	NM_058216.2(RAD51C):c.97_98delCA (p.Gln33Aspfs)	NCBITaxon:9606	Homo sapiens			GENO:0000840	pathogenic_for_condition	OMIM:613390	Fanconi anemia, complementation group O				http://data.monarchinitiative.org/ttl/clinvar.ttl	direct	 
ClinVarVariant:4738	NM_032043.2(BRIP1):c.2392C>T (p.Arg798Ter)	NCBITaxon:9606	Homo sapiens			GENO:0000840	pathogenic_for_condition	OMIM:609054	Fanconi Anemia, Complementation Group J			PMID:16116424|PMID:16116423	http://data.monarchinitiative.org/ttl/clinvar.ttl	direct	PMID:26921361|PMID:8218283|PMID:20670277|PMID:21964575|PMID:19763819|PMID:24556621|PMID:26845104|PMID:23276657|PMID:26921362|PMID:20639400|PMID:19935797|PMID:25885466|PMID:21345144|PMID:19127258|PMID:23242139|PMID:26968956|PMID:18978354|PMID:27179029
ClinVarVariant:3442	NM_000135.2(FANCA):c.894_1006del113 (p.Trp298Cysfs)	NCBITaxon:9606	Homo sapiens			GENO:0000840	pathogenic_for_condition	OMIM:227650	Fanconi Anemia, Complementation Group a			PMID:8896564	http://data.monarchinitiative.org/ttl/clinvar.ttl	direct	 
ClinVarVariant:12043	NM_000136.2(FANCC):c.1661T>C (p.Leu554Pro)	NCBITaxon:9606	Homo sapiens			GENO:0000840	pathogenic_for_condition	OMIM:227645	Fanconi anemia, complementation group C			PMID:1574115|PMID:8613549|PMID:8499901	http://data.monarchinitiative.org/ttl/clinvar.ttl	direct	PMID:8703809|PMID:24469828|PMID:10848598|PMID:20301575|PMID:9398857|PMID:12397061|PMID:12093742|PMID:11063725|PMID:23028338|PMID:16127171|PMID:15299030|PMID:20864535|PMID:24676280|PMID:7517562|PMID:8128956|PMID:26466335
ClinVarVariant:3441	FANCA, 156-BP DEL, NT1515	NCBITaxon:9606	Homo sapiens			GENO:0000840	pathogenic_for_condition	OMIM:227650	Fanconi Anemia, Complementation Group a			PMID:8896564	http://data.monarchinitiative.org/ttl/clinvar.ttl	direct
ClinVarVariant:210988	NM_001114636.1(FANCL):c.1111_1114dupATTA (p.Thr372Asnfs)	NCBITaxon:9606	Homo sapiens			GENO:0000840	pathogenic_for_condition	OMIM:614083	Fanconi Anemia, Complementation Group 50				http://data.monarchinitiative.org/ttl/clinvar.ttl	direct	PMID:25741868
ClinVarVariant:224709	NM_033084.4(FANCD2):c.2097_2099delCCT (p.Leu700del)	NCBITaxon:9606	Homo sapiens			GENO:0000841	likely_pathogenic_for_condition	OMIM:227646	Fanconi Anemia, Complementation Group D2				http://data.monarchinitiative.org/ttl/clinvar.ttl	direct	 
ClinVarVariant:2535	NM_018062.3(FANCL):c.822-15_822-9delins177	NCBITaxon:9606	Homo sapiens			GENO:0000840	pathogenic_for_condition	OMIM:614083	Fanconi Anemia, Complementation Group 50			PMID:12973351	http://data.monarchinitiative.org/ttl/clinvar.ttl	direct
ClinVarVariant:12045	NM_000136.2(FANCC):c.456+4A>T	NCBITaxon:9606	Homo sapiens			GENO:0000840	pathogenic_for_condition	OMIM:227645	Fanconi anemia, complementation group C			PMID:7492758|PMID:11427142|PMID:8348157|PMID:8081385	http://data.monarchinitiative.org/ttl/clinvar.ttl	direct	PMID:20301575
ClinVarVariant:12040	NM_001018115.2(FANCD2):c.904C>T (p.Arg302Trp)	NCBITaxon:9606	Homo sapiens			GENO:0000840	pathogenic_for_condition	OMIM:227646	Fanconi Anemia, Complementation Group D2			PMID:11239453	http://data.monarchinitiative.org/ttl/clinvar.ttl	direct	PMID:25356417|PMID:25356899|PMID:22828868|PMID:25905921|PMID:24670920|PMID:17436244|PMID:22872149|PMID:25489943|PMID:12767353|PMID:17308347
ClinVarVariant:3444	NM_000135.2(FANCA):c.3558dupG (p.Arg1187Glufs)	NCBITaxon:9606	Homo sapiens			GENO:0000840	pathogenic_for_condition	OMIM:227650	Fanconi Anemia, Complementation Group a			PMID:10431244	http://data.monarchinitiative.org/ttl/clinvar.ttl	direct	PMID:15643609|PMID:24584348|PMID:26740942
ClinVarVariant:31025	SLX4, 1-BP DEL, 514C	NCBITaxon:9606	Homo sapiens			GENO:0000840	pathogenic_for_condition	OMIM:613951	Fanconi anemia, complementation group P			PMID:21240275	http://data.monarchinitiative.org/ttl/clinvar.ttl	direct
ClinVarVariant:6713	FANCG, IVS13, G-C, -1	NCBITaxon:9606	Homo sapiens			GENO:0000840	pathogenic_for_condition	OMIM:614082	Fanconi anemia, complementation group G			PMID:9806548	http://data.monarchinitiative.org/ttl/clinvar.ttl	direct
ClinVarVariant:12051	NM_000136.2(FANCC):c.165+1G>T	NCBITaxon:9606	Homo sapiens			GENO:0000840	pathogenic_for_condition	OMIM:227645	Fanconi anemia, complementation group C			PMID:20869034	http://data.monarchinitiative.org/ttl/clinvar.ttl	direct	 
ClinVarVariant:6712	NM_004629.1(FANCG):c.313G>T (p.Glu105Ter)	NCBITaxon:9606	Homo sapiens			GENO:0000840	pathogenic_for_condition	OMIM:614082	Fanconi anemia, complementation group G			PMID:11093276|PMID:9806548	http://data.monarchinitiative.org/ttl/clinvar.ttl	direct	PMID:11438206|PMID:11063725|PMID:12673805|PMID:12552564|PMID:11389461|PMID:10468606|PMID:14578901
ClinVarVariant:31024	SLX4, IVS5DS, T-A, +2	NCBITaxon:9606	Homo sapiens			GENO:0000840	pathogenic_for_condition	OMIM:613951	Fanconi anemia, complementation group P			PMID:21240275	http://data.monarchinitiative.org/ttl/clinvar.ttl	direct
ClinVarVariant:12038	NM_001018115.2(FANCD2):c.3707G>A (p.Arg1236His)	NCBITaxon:9606	Homo sapiens			GENO:0000840	pathogenic_for_condition	OMIM:227646	Fanconi Anemia, Complementation Group D2			PMID:11239453	http://data.monarchinitiative.org/ttl/clinvar.ttl	direct	PMID:24675808|PMID:26351077|PMID:25859847|PMID:27377421|PMID:26819410|PMID:24391511
ClinVarVariant:12047	NM_000136.2(FANCC):c.1642C>T (p.Arg548Ter)	NCBITaxon:9606	Homo sapiens			GENO:0000840	pathogenic_for_condition	OMIM:227645	Fanconi anemia, complementation group C			PMID:8103176	http://data.monarchinitiative.org/ttl/clinvar.ttl	direct	PMID:24633920|PMID:26023681|PMID:24469828|PMID:20301575|PMID:20869034|PMID:17924555|PMID:23028338|PMID:22778927|PMID:15516848|PMID:27065010|PMID:26596371|PMID:8882868|PMID:26358404|PMID:12670332|PMID:8348157|PMID:24470238
ClinVarVariant:31023	SLX4, IVS5DS, 1-BP DUP, T, +3	NCBITaxon:9606	Homo sapiens			GENO:0000840	pathogenic_for_condition	OMIM:613951	Fanconi anemia, complementation group P			PMID:21240277	http://data.monarchinitiative.org/ttl/clinvar.ttl	direct
ClinVarVariant:3446	NM_000135.2(FANCA):c.1606delT (p.Ser536Glnfs)	NCBITaxon:9606	Homo sapiens			GENO:0000840	pathogenic_for_condition	OMIM:227650	Fanconi Anemia, Complementation Group a			PMID:12827451	http://data.monarchinitiative.org/ttl/clinvar.ttl	direct	 
ClinVarVariant:12042	FANCD2, EX17 DEL	NCBITaxon:9606	Homo sapiens			GENO:0000840	pathogenic_for_condition	OMIM:227646	Fanconi Anemia, Complementation Group D2			PMID:11239453	http://data.monarchinitiative.org/ttl/clinvar.ttl	direct
ClinVarVariant:142534	NM_058216.2(RAD51C):c.97C>T (p.Gln33Ter)	NCBITaxon:9606	Homo sapiens			GENO:0000840	pathogenic_for_condition	OMIM:613390	Fanconi anemia, complementation group O				http://data.monarchinitiative.org/ttl/clinvar.ttl	direct	PMID:26681312|PMID:26845104|PMID:25356899|PMID:26261251
ClinVarVariant:9349	NM_000059.3(BRCA2):c.631+2T>G	NCBITaxon:9606	Homo sapiens			GENO:0000840	pathogenic_for_condition	OMIM:605724	Fanconi anemia, complementation group D1			PMID:16825431|PMID:15070707|PMID:15645491	http://data.monarchinitiative.org/ttl/clinvar.ttl	direct	PMID:22962691|PMID:11532935|PMID:19542536|PMID:10807692|PMID:9500438|PMID:15276185|PMID:10923033|PMID:19179552|PMID:17018160|PMID:16539696|PMID:10837032|PMID:19935837|PMID:11883440|PMID:21899315|PMID:23102024|PMID:20348109|PMID:24556621|PMID:10819537|PMID:26387543|PMID:19364090|PMID:20455026|PMID:14681210
ClinVarVariant:55826	NM_005236.2(ERCC4):c.689T>C (p.Leu230Pro)	NCBITaxon:9606	Homo sapiens			GENO:0000840	pathogenic_for_condition	OMIM:615272	Fanconi Anemia, Complementation Group Q			PMID:23623386	http://data.monarchinitiative.org/ttl/clinvar.ttl	direct	PMID:26074087|PMID:25372392|PMID:26453996|PMID:25916848|PMID:27398742|PMID:21901111
ClinVarVariant:971	FANCI, 2T-C	NCBITaxon:9606	Homo sapiens			GENO:0000840	pathogenic_for_condition	OMIM:609053	Fanconi Anemia, Complementation Group 1			PMID:17452773|PMID:17460694	http://data.monarchinitiative.org/ttl/clinvar.ttl	direct
ClinVarVariant:55396	NM_007294.3(BRCA1):c.5095C>T (p.Arg1699Trp)	NCBITaxon:9606	Homo sapiens			GENO:0000840	pathogenic_for_condition	OMIM:227650	Fanconi Anemia, Complementation Group a			PMID:25472942	http://data.monarchinitiative.org/ttl/clinvar.ttl	direct	PMID:21918853|PMID:20104584|PMID:23967248|PMID:20516115|PMID:15290653|PMID:2147358|PMID:21356067|PMID:21946536|PMID:23289006|PMID:23704879|PMID:17308087|PMID:25085752|PMID:17574969|PMID:24549055|PMID:25859162|PMID:12496476|PMID:26681312|PMID:19200354|PMID:17924331|PMID:20455026|PMID:21990134|PMID:20727672|PMID:17493881|PMID:25814778|PMID:19563646|PMID:22889855
ClinVarVariant:37043	FANCB, LEU717TER	NCBITaxon:9606	Homo sapiens			GENO:0000840	pathogenic_for_condition	OMIM:300514	Fanconi Anemia, Complementation Group B			PMID:21910217|PMID:8368240	http://data.monarchinitiative.org/ttl/clinvar.ttl	direct
ClinVarVariant:55824	NM_005236.2(ERCC4):c.2065C>A (p.Arg689Ser)	NCBITaxon:9606	Homo sapiens			GENO:0000840	pathogenic_for_condition	OMIM:615272	Fanconi Anemia, Complementation Group Q			PMID:23623386	http://data.monarchinitiative.org/ttl/clinvar.ttl	direct	PMID:25372392|PMID:24027083|PMID:26074087|PMID:24728327
ClinVarVariant:9347	NM_000059.3(BRCA2):c.9196C>T (p.Gln3066Ter)	NCBITaxon:9606	Homo sapiens			GENO:0000840	pathogenic_for_condition	OMIM:605724	Fanconi anemia, complementation group D1			PMID:16825431	http://data.monarchinitiative.org/ttl/clinvar.ttl	direct	PMID:26724258|PMID:24301060|PMID:14559878|PMID:25225064|PMID:26064523|PMID:26845104|PMID:22034289|PMID:24259538|PMID:10923033|PMID:18042939
ClinVarVariant:9348	NM_000059.3(BRCA2):c.631+1G>A	NCBITaxon:9606	Homo sapiens			GENO:0000840	pathogenic_for_condition	OMIM:605724	Fanconi anemia, complementation group D1			PMID:16825431|PMID:15070707	http://data.monarchinitiative.org/ttl/clinvar.ttl	direct	PMID:22962691|PMID:10923033
ClinVarVariant:219825	NM_058216.2(RAD51C):c.572-?_*(1_?)del	NCBITaxon:9606	Homo sapiens			GENO:0000840	pathogenic_for_condition	OMIM:613390	Fanconi anemia, complementation group O				http://data.monarchinitiative.org/ttl/clinvar.ttl	direct
ClinVarVariant:55825	NM_005236.2(ERCC4):c.2371_2398dup28 (p.Ile800Thrfs)	NCBITaxon:9606	Homo sapiens			GENO:0000840	pathogenic_for_condition	OMIM:615272	Fanconi Anemia, Complementation Group Q			PMID:23623386	http://data.monarchinitiative.org/ttl/clinvar.ttl	direct	PMID:24027083|PMID:26074087
ClinVarVariant:31556	NM_058216.2(RAD51C):c.397C>T (p.Gln133Ter)	NCBITaxon:9606	Homo sapiens			GENO:0000840	pathogenic_for_condition	OMIM:613390	Fanconi anemia, complementation group O				http://data.monarchinitiative.org/ttl/clinvar.ttl	direct	PMID:23117857|PMID:25356899|PMID:21990120|PMID:23242139|PMID:22538716|PMID:25470109
ClinVarVariant:9325	NM_000059.3(BRCA2):c.5946delT (p.Ser1982Argfs)	NCBITaxon:9606	Homo sapiens			GENO:0000840	pathogenic_for_condition	OMIM:605724	Fanconi anemia, complementation group D1			PMID:16825431|PMID:8193701|PMID:10417300|PMID:9140390|PMID:8673092|PMID:10398279|PMID:18264088|PMID:8841191|PMID:8841192|PMID:14559878|PMID:12097290	http://data.monarchinitiative.org/ttl/clinvar.ttl	direct	PMID:15994883|PMID:24301060|PMID:22703879|PMID:26183948|PMID:22923021|PMID:20887823|PMID:15695382|PMID:26046366|PMID:26976419|PMID:22009639|PMID:26295337|PMID:25476495|PMID:22430266|PMID:26180923|PMID:10570174|PMID:24549055|PMID:8673091|PMID:9145676|PMID:25980754|PMID:19188187|PMID:23658460|PMID:21324516|PMID:24371622|PMID:22006311|PMID:23199084|PMID:20301425|PMID:18607349|PMID:26893716|PMID:27425403
ClinVarVariant:30701	FANCL, 3-BP DEL, 1007TAT	NCBITaxon:9606	Homo sapiens			GENO:0000840	pathogenic_for_condition	OMIM:614083	Fanconi Anemia, Complementation Group 50			PMID:19405097	http://data.monarchinitiative.org/ttl/clinvar.ttl	direct
ClinVarVariant:974	FANCI, IVS31AS, A-G, -88	NCBITaxon:9606	Homo sapiens			GENO:0000840	pathogenic_for_condition	OMIM:609053	Fanconi Anemia, Complementation Group 1			PMID:17452773	http://data.monarchinitiative.org/ttl/clinvar.ttl	direct
ClinVarVariant:30702	FANCL, 4-BP DUP, 1095AATT	NCBITaxon:9606	Homo sapiens			GENO:0000840	pathogenic_for_condition	OMIM:614083	Fanconi Anemia, Complementation Group 50			PMID:19405097	http://data.monarchinitiative.org/ttl/clinvar.ttl	direct
ClinVarVariant:972	NM_001113378.1(FANCI):c.3854G>A (p.Arg1285Gln)	NCBITaxon:9606	Homo sapiens			GENO:0000840	pathogenic_for_condition	OMIM:609053	Fanconi Anemia, Complementation Group 1			PMID:17452773|PMID:17412408	http://data.monarchinitiative.org/ttl/clinvar.ttl	direct	PMID:25486561|PMID:26590883|PMID:19561358|PMID:22287633|PMID:24623813
ClinVarVariant:37044	FANCB, 2-BP DEL, 1857AG	NCBITaxon:9606	Homo sapiens			GENO:0000840	pathogenic_for_condition	OMIM:300514	Fanconi Anemia, Complementation Group B			PMID:21910217	http://data.monarchinitiative.org/ttl/clinvar.ttl	direct
ClinVarVariant:973	NM_001113378.1(FANCI):c.3853C>T (p.Arg1285Ter)	NCBITaxon:9606	Homo sapiens			GENO:0000840	pathogenic_for_condition	OMIM:609053	Fanconi Anemia, Complementation Group 1			PMID:17452773	http://data.monarchinitiative.org/ttl/clinvar.ttl	direct	PMID:17412408|PMID:26590883|PMID:19561358|PMID:24623813
ClinVarVariant:208581	NM_022725.3(FANCF):c.690delT (p.Gly231Glufs)	NCBITaxon:9606	Homo sapiens			GENO:0000841	likely_pathogenic_for_condition	OMIM:603467	Fanconi Anemia, Complementation Group F			PMID:16084127|PMID:10615118	http://data.monarchinitiative.org/ttl/clinvar.ttl	direct	PMID:24033266
ClinVarVariant:220591	NM_058216.2(RAD51C):c.706-?_*120+?del	NCBITaxon:9606	Homo sapiens			GENO:0000840	pathogenic_for_condition	OMIM:613390	Fanconi anemia, complementation group O				http://data.monarchinitiative.org/ttl/clinvar.ttl	direct
ClinVarVariant:209076	NM_001114636.1(FANCL):c.268delC (p.Leu90Phefs)	NCBITaxon:9606	Homo sapiens			GENO:0000840	pathogenic_for_condition	OMIM:614083	Fanconi Anemia, Complementation Group 50			PMID:25754594	http://data.monarchinitiative.org/ttl/clinvar.ttl	direct	 
ClinVarVariant:3440	NM_000135.2(FANCA):c.1115_1118delTTGG (p.Val372Alafs)	NCBITaxon:9606	Homo sapiens			GENO:0000840	pathogenic_for_condition	OMIM:227650	Fanconi Anemia, Complementation Group a			PMID:8896564	http://data.monarchinitiative.org/ttl/clinvar.ttl	direct	PMID:24584348|PMID:26740942|PMID:20301575
ClinVarVariant:8711	FANCE, IVS5AS, G-A, -8	NCBITaxon:9606	Homo sapiens			GENO:0000840	pathogenic_for_condition	OMIM:600901	Fanconi Anemia, Complementation Group E			PMID:11001585|PMID:10205272	http://data.monarchinitiative.org/ttl/clinvar.ttl	direct
ClinVarVariant:209077	NM_001114636.1(FANCL):c.430delT (p.Ser144Leufs)	NCBITaxon:9606	Homo sapiens			GENO:0000840	pathogenic_for_condition	OMIM:614083	Fanconi Anemia, Complementation Group 50			PMID:25754594	http://data.monarchinitiative.org/ttl/clinvar.ttl	direct	 
OMIM:227645.0003	OMIM:227645.0003							OMIM:227645	Fanconi anemia, complementation group C				http://data.monarchinitiative.org/ttl/coriell.ttl	inferred
ClinVarVariant:31022	SLX4, 1-BP DEL, 1093C	NCBITaxon:9606	Homo sapiens			GENO:0000840	pathogenic_for_condition	OMIM:613951	Fanconi anemia, complementation group P			PMID:21240277	http://data.monarchinitiative.org/ttl/clinvar.ttl	direct
ClinVarVariant:9345	NM_000059.3(BRCA2):c.7529T>C (p.Leu2510Pro)	NCBITaxon:9606	Homo sapiens			GENO:0000840	pathogenic_for_condition	OMIM:605724	Fanconi anemia, complementation group D1			PMID:14670928	http://data.monarchinitiative.org/ttl/clinvar.ttl	direct	PMID:24445921|PMID:24323938|PMID:24301060|PMID:22678057|PMID:23108138|PMID:21719596|PMID:15115758|PMID:26659599|PMID:16825431|PMID:10923033
ClinVarVariant:55823	NM_005236.2(ERCC4):c.1484_1488delCTCAA (p.Thr495Asnfs)	NCBITaxon:9606	Homo sapiens			GENO:0000840	pathogenic_for_condition	OMIM:615272	Fanconi Anemia, Complementation Group Q			PMID:23623386	http://data.monarchinitiative.org/ttl/clinvar.ttl	direct	PMID:26074087
ClinVarVariant:126768	NM_024675.3(PALB2):c.757_758delCT (p.Leu253Ilefs)	NCBITaxon:9606	Homo sapiens			GENO:0000840	pathogenic_for_condition	OMIM:610832	Fanconi Anemia, Complementation Group N				http://data.monarchinitiative.org/ttl/clinvar.ttl	direct	PMID:19264984|PMID:21285249|PMID:26845104|PMID:25741868|PMID:17200671
ClinVarVariant:9343	NM_000059.3(BRCA2):c.8219T>A (p.Leu2740Ter)	NCBITaxon:9606	Homo sapiens			GENO:0000840	pathogenic_for_condition	OMIM:605724	Fanconi anemia, complementation group D1			PMID:14670928	http://data.monarchinitiative.org/ttl/clinvar.ttl	direct	PMID:10923033|PMID:27300552|PMID:24301060|PMID:16825431
ClinVarVariant:9344	NM_000059.3(BRCA2):c.4648G>T (p.Glu1550Ter)	NCBITaxon:9606	Homo sapiens			GENO:0000840	pathogenic_for_condition	OMIM:605724	Fanconi anemia, complementation group D1			PMID:14670928	http://data.monarchinitiative.org/ttl/clinvar.ttl	direct	PMID:23028900|PMID:24301060|PMID:16825431|PMID:10923033|PMID:19875419
ClinVarVariant:136155	NM_058216.2(RAD51C):c.1027-2A>G	NCBITaxon:9606	Homo sapiens			GENO:0000840	pathogenic_for_condition	OMIM:613390	Fanconi anemia, complementation group O				http://data.monarchinitiative.org/ttl/clinvar.ttl	direct	 
