subject	subject_label	subject_taxon	subject_taxon_label	subject_gene	subject_gene_label	relation	relation_label	object	object_label	evidence	evidence_label	source	is_defined_by	qualifier
ClinVarVariant:8709	NM_021922.2(FANCE):c.355C>T (p.Gln119Ter)	NCBITaxon:9606	Homo sapiens			GENO:0000840	pathogenic_for_condition	OMIM:600901	Fanconi Anemia, Complementation Group E			PMID:9382107|PMID:11001585	http://data.monarchinitiative.org/ttl/clinvar.ttl	direct
ClinVarVariant:208638	NM_000135.2(FANCA):c.4015delC (p.Leu1339Serfs)	NCBITaxon:9606	Homo sapiens			GENO:0000841	likely_pathogenic_for_condition	OMIM:227650	Fanconi Anemia, Complementation Group a				http://data.monarchinitiative.org/ttl/clinvar.ttl	direct
ClinVarVariant:219988	NM_058216.2(RAD51C):c.966-?_1026+?del	NCBITaxon:9606	Homo sapiens			GENO:0000840	pathogenic_for_condition	OMIM:613390	Fanconi anemia, complementation group O				http://data.monarchinitiative.org/ttl/clinvar.ttl	direct
ClinVarVariant:41224	NM_004629.1(FANCG):c.1183_1192delGAGGTGTTTT (p.Glu395Trpfs)	NCBITaxon:9606	Homo sapiens			GENO:0000840	pathogenic_for_condition	OMIM:614082	Fanconi anemia, complementation group G				http://data.monarchinitiative.org/ttl/clinvar.ttl	direct
ClinVarVariant:9342	NM_000059.3(BRCA2):c.658_659delGT (p.Val220Ilefs)	NCBITaxon:9606	Homo sapiens			GENO:0000840	pathogenic_for_condition	OMIM:605724	Fanconi anemia, complementation group D1			PMID:14670928|PMID:16825431|PMID:15689453	http://data.monarchinitiative.org/ttl/clinvar.ttl	direct
ClinVarVariant:216131	NM_058216.1(RAD51C):c.(?_-1)_(*1_?)del	NCBITaxon:9606	Homo sapiens			GENO:0000840	pathogenic_for_condition	OMIM:613390	Fanconi anemia, complementation group O				http://data.monarchinitiative.org/ttl/clinvar.ttl	direct
ClinVarVariant:216132	NM_058216.2(RAD51C):c.905-2A>C	NCBITaxon:9606	Homo sapiens			GENO:0000840	pathogenic_for_condition	OMIM:613390	Fanconi anemia, complementation group O				http://data.monarchinitiative.org/ttl/clinvar.ttl	direct
ClinVarVariant:9334	BRCA2, 2-BP INS, 7691AT	NCBITaxon:9606	Homo sapiens			GENO:0000840	pathogenic_for_condition	OMIM:605724	Fanconi anemia, complementation group D1			PMID:12065746	http://data.monarchinitiative.org/ttl/clinvar.ttl	direct
ClinVarVariant:9335	BRCA2, 1-BP INS, 9900A	NCBITaxon:9606	Homo sapiens			GENO:0000840	pathogenic_for_condition	OMIM:605724	Fanconi anemia, complementation group D1			PMID:10433620|PMID:12065746	http://data.monarchinitiative.org/ttl/clinvar.ttl	direct
ClinVarVariant:9336	BRCA2, 7235G-A	NCBITaxon:9606	Homo sapiens			GENO:0000840	pathogenic_for_condition	OMIM:605724	Fanconi anemia, complementation group D1			PMID:12065746	http://data.monarchinitiative.org/ttl/clinvar.ttl	direct
ClinVarVariant:9337	BRCA2, 5837TC-AG	NCBITaxon:9606	Homo sapiens			GENO:0000840	pathogenic_for_condition	OMIM:605724	Fanconi anemia, complementation group D1			PMID:12065746	http://data.monarchinitiative.org/ttl/clinvar.ttl	direct
ClinVarVariant:6340	NM_022725.3(FANCF):c.230_252del23 (p.Val77Glyfs)	NCBITaxon:9606	Homo sapiens			GENO:0000840	pathogenic_for_condition	OMIM:603467	Fanconi Anemia, Complementation Group F			PMID:10615118	http://data.monarchinitiative.org/ttl/clinvar.ttl	direct
ClinVarVariant:9338	BRCA2, 8415 G-T	NCBITaxon:9606	Homo sapiens			GENO:0000840	pathogenic_for_condition	OMIM:605724	Fanconi anemia, complementation group D1			PMID:12065746	http://data.monarchinitiative.org/ttl/clinvar.ttl	direct
ClinVarVariant:6822	NM_058216.2(RAD51C):c.773G>A (p.Arg258His)	NCBITaxon:9606	Homo sapiens			GENO:0000840	pathogenic_for_condition	OMIM:613390	Fanconi anemia, complementation group O			PMID:20400963	http://data.monarchinitiative.org/ttl/clinvar.ttl	direct
ClinVarVariant:182844	NM_058216.2(RAD51C):c.224dupA (p.Tyr75Terfs)	NCBITaxon:9606	Homo sapiens			GENO:0000840	pathogenic_for_condition	OMIM:613390	Fanconi anemia, complementation group O				http://data.monarchinitiative.org/ttl/clinvar.ttl	direct
ClinVarVariant:10867	FANCB, 3314-BP DEL	NCBITaxon:9606	Homo sapiens			GENO:0000840	pathogenic_for_condition	OMIM:300514	Fanconi Anemia, Complementation Group B			PMID:15502827	http://data.monarchinitiative.org/ttl/clinvar.ttl	direct
ClinVarVariant:199437	NM_014176.3(UBE2T):c.179+5G>A	NCBITaxon:9606	Homo sapiens			GENO:0000840	pathogenic_for_condition	OMIM:616435	Fanconi anemia, complementation group t			PMID:26046368	http://data.monarchinitiative.org/ttl/clinvar.ttl	direct
ClinVarVariant:192384	NM_000135.2(FANCA):c.2557C>T (p.Arg853Ter)	NCBITaxon:9606	Homo sapiens			GENO:0000840	pathogenic_for_condition	OMIM:227650	Fanconi Anemia, Complementation Group a			PMID:16116422|PMID:19423727	http://data.monarchinitiative.org/ttl/clinvar.ttl	direct
ClinVarVariant:199436	NM_014176.3(UBE2T):c.4C>G (p.Gln2Glu)	NCBITaxon:9606	Homo sapiens			GENO:0000840	pathogenic_for_condition	OMIM:616435	Fanconi anemia, complementation group t			PMID:26046368	http://data.monarchinitiative.org/ttl/clinvar.ttl	direct
ClinVarVariant:10868	FANCB, 1-BP DEL, 1650T	NCBITaxon:9606	Homo sapiens			GENO:0000840	pathogenic_for_condition	OMIM:300514	Fanconi Anemia, Complementation Group B			PMID:15502827	http://data.monarchinitiative.org/ttl/clinvar.ttl	direct
ClinVarVariant:208639	NM_001113378.1(FANCI):c.2422A>T (p.Lys808Ter)	NCBITaxon:9606	Homo sapiens			GENO:0000841	likely_pathogenic_for_condition	OMIM:609053	Fanconi Anemia, Complementation Group 1				http://data.monarchinitiative.org/ttl/clinvar.ttl	direct
ClinVarVariant:188926	NM_000136.2(FANCC):c.65G>A (p.Trp22Ter)	NCBITaxon:9606	Homo sapiens			GENO:0000841	likely_pathogenic_for_condition	OMIM:227645	Fanconi anemia, complementation group C			PMID:17924555|PMID:8844212	http://data.monarchinitiative.org/ttl/clinvar.ttl	direct
ClinVarVariant:192385	FANCA, IVS7DS, G-A, +5	NCBITaxon:9606	Homo sapiens			GENO:0000840	pathogenic_for_condition	OMIM:227650	Fanconi Anemia, Complementation Group a			PMID:19423727	http://data.monarchinitiative.org/ttl/clinvar.ttl	direct
ClinVarVariant:30535	NM_032043.2(BRIP1):c.1045G>C (p.Ala349Pro)	NCBITaxon:9606	Homo sapiens			GENO:0000840	pathogenic_for_condition	OMIM:609054	Fanconi Anemia, Complementation Group J			PMID:16116424|PMID:20639400	http://data.monarchinitiative.org/ttl/clinvar.ttl	direct
ClinVarVariant:12052	FANCC, 250-BP DEL	NCBITaxon:9606	Homo sapiens			GENO:0000840	pathogenic_for_condition	OMIM:227645	Fanconi anemia, complementation group C			PMID:20869034	http://data.monarchinitiative.org/ttl/clinvar.ttl	direct
ClinVarVariant:189053	NM_000136.2(FANCC):c.844-1G>C	NCBITaxon:9606	Homo sapiens			GENO:0000841	likely_pathogenic_for_condition	OMIM:227645	Fanconi anemia, complementation group C			PMID:17924555	http://data.monarchinitiative.org/ttl/clinvar.ttl	direct
ClinVarVariant:12048	NM_000136.2(FANCC):c.1555dupA (p.Thr519Asnfs)	NCBITaxon:9606	Homo sapiens			GENO:0000840	pathogenic_for_condition	OMIM:227645	Fanconi anemia, complementation group C			PMID:8829660	http://data.monarchinitiative.org/ttl/clinvar.ttl	direct
ClinVarVariant:12039	FANCD2, 376A-G	NCBITaxon:9606	Homo sapiens			GENO:0000840	pathogenic_for_condition	OMIM:227646	Fanconi Anemia, Complementation Group D2			PMID:11239453	http://data.monarchinitiative.org/ttl/clinvar.ttl	direct
ClinVarVariant:6714	NM_004629.1(FANCG):c.307+1G>C	NCBITaxon:9606	Homo sapiens			GENO:0000840	pathogenic_for_condition	OMIM:614082	Fanconi anemia, complementation group G			PMID:10807541	http://data.monarchinitiative.org/ttl/clinvar.ttl	direct
ClinVarVariant:3447	NM_000135.2(FANCA):c.513G>A (p.Trp171Ter)	NCBITaxon:9606	Homo sapiens			GENO:0000840	pathogenic_for_condition	OMIM:227650	Fanconi Anemia, Complementation Group a			PMID:12827451	http://data.monarchinitiative.org/ttl/clinvar.ttl	direct
ClinVarVariant:31026	SLX4, 4,890-BP DEL/2-BP INS	NCBITaxon:9606	Homo sapiens			GENO:0000840	pathogenic_for_condition	OMIM:613951	Fanconi anemia, complementation group P			PMID:21240275	http://data.monarchinitiative.org/ttl/clinvar.ttl	direct
ClinVarVariant:41003	NM_000135.2(FANCA):c.3788_3790delTCT (p.Phe1263del)	NCBITaxon:9606	Homo sapiens			GENO:0000840	pathogenic_for_condition	OMIM:227650	Fanconi Anemia, Complementation Group a				http://data.monarchinitiative.org/ttl/clinvar.ttl	direct
ClinVarVariant:1243	NM_024675.3(PALB2):c.1653T>A (p.Tyr551Ter)	NCBITaxon:9606	Homo sapiens			GENO:0000840	pathogenic_for_condition	OMIM:610832	Fanconi Anemia, Complementation Group N			PMID:17200672	http://data.monarchinitiative.org/ttl/clinvar.ttl	direct
ClinVarVariant:6715	NM_004629.1(FANCG):c.1066C>T (p.Gln356Ter)	NCBITaxon:9606	Homo sapiens			GENO:0000840	pathogenic_for_condition	OMIM:614082	Fanconi anemia, complementation group G			PMID:10807541	http://data.monarchinitiative.org/ttl/clinvar.ttl	direct
ClinVarVariant:126614	NM_024675.3(PALB2):c.1676_1677delAAinsG (p.Gln559Argfs)	NCBITaxon:9606	Homo sapiens			GENO:0000840	pathogenic_for_condition	OMIM:610832	Fanconi Anemia, Complementation Group N				http://data.monarchinitiative.org/ttl/clinvar.ttl	direct
ClinVarVariant:12049	NM_000136.2(FANCC):c.67delG (p.Asp23Ilefs)	NCBITaxon:9606	Homo sapiens			GENO:0000840	pathogenic_for_condition	OMIM:227645	Fanconi anemia, complementation group C			PMID:8639804|PMID:11520787	http://data.monarchinitiative.org/ttl/clinvar.ttl	direct
ClinVarVariant:1244	PALB2:c.49-?_2586+?del	NCBITaxon:9606	Homo sapiens			GENO:0000840	pathogenic_for_condition	OMIM:610832	Fanconi Anemia, Complementation Group N			PMID:17200672	http://data.monarchinitiative.org/ttl/clinvar.ttl	direct
ClinVarVariant:6716	NM_004629.1(FANCG):c.925-2A>G	NCBITaxon:9606	Homo sapiens			GENO:0000840	pathogenic_for_condition	OMIM:614082	Fanconi anemia, complementation group G			PMID:12552564	http://data.monarchinitiative.org/ttl/clinvar.ttl	direct
ClinVarVariant:1245	NM_024675.3(PALB2):c.3549C>G (p.Tyr1183Ter)	NCBITaxon:9606	Homo sapiens			GENO:0000840	pathogenic_for_condition	OMIM:610832	Fanconi Anemia, Complementation Group N			PMID:17200668|PMID:17200671	http://data.monarchinitiative.org/ttl/clinvar.ttl	direct
ClinVarVariant:6718	NM_004629.1(FANCG):c.1794_1803delCTGGATCCGT (p.Trp599Profs)	NCBITaxon:9606	Homo sapiens			GENO:0000840	pathogenic_for_condition	OMIM:614082	Fanconi anemia, complementation group G			PMID:12552564	http://data.monarchinitiative.org/ttl/clinvar.ttl	direct
ClinVarVariant:3448	NM_000135.2(FANCA):c.3720_3724delAAACA (p.Glu1240Aspfs)	NCBITaxon:9606	Homo sapiens			GENO:0000840	pathogenic_for_condition	OMIM:227650	Fanconi Anemia, Complementation Group a			PMID:15523645	http://data.monarchinitiative.org/ttl/clinvar.ttl	direct
ClinVarVariant:6717	NM_004629.1(FANCG):c.1480+1G>C	NCBITaxon:9606	Homo sapiens			GENO:0000840	pathogenic_for_condition	OMIM:614082	Fanconi anemia, complementation group G			PMID:12552564	http://data.monarchinitiative.org/ttl/clinvar.ttl	direct
ClinVarVariant:9333	BRCA2, IVS19, G-A, -1	NCBITaxon:9606	Homo sapiens			GENO:0000840	pathogenic_for_condition	OMIM:605724	Fanconi anemia, complementation group D1			PMID:12065746	http://data.monarchinitiative.org/ttl/clinvar.ttl	direct
ClinVarVariant:6719	NM_004629.1(FANCG):c.637_643delTACCGCC (p.Tyr213Lysfs)	NCBITaxon:9606	Homo sapiens			GENO:0000840	pathogenic_for_condition	OMIM:614082	Fanconi anemia, complementation group G			PMID:11126723|PMID:15657175	http://data.monarchinitiative.org/ttl/clinvar.ttl	direct
ClinVarVariant:1246	NM_024675.3(PALB2):c.2962C>T (p.Gln988Ter)	NCBITaxon:9606	Homo sapiens			GENO:0000840	pathogenic_for_condition	OMIM:610832	Fanconi Anemia, Complementation Group N			PMID:17200671	http://data.monarchinitiative.org/ttl/clinvar.ttl	direct
ClinVarVariant:10870	FANCB, IVS7DS, G-A, +5	NCBITaxon:9606	Homo sapiens			GENO:0000840	pathogenic_for_condition	OMIM:300514	Fanconi Anemia, Complementation Group B			PMID:16679491	http://data.monarchinitiative.org/ttl/clinvar.ttl	direct
ClinVarVariant:182847	NM_058216.2(RAD51C):c.93delG (p.Phe32Serfs)	NCBITaxon:9606	Homo sapiens			GENO:0000840	pathogenic_for_condition	OMIM:613390	Fanconi anemia, complementation group O				http://data.monarchinitiative.org/ttl/clinvar.ttl	direct
ClinVarVariant:10869	FANCB, 1-BP INS, 811T	NCBITaxon:9606	Homo sapiens			GENO:0000840	pathogenic_for_condition	OMIM:300514	Fanconi Anemia, Complementation Group B			PMID:15502827	http://data.monarchinitiative.org/ttl/clinvar.ttl	direct
ClinVarVariant:126715	NM_024675.3(PALB2):c.3116delA (p.Asn1039Ilefs)	NCBITaxon:9606	Homo sapiens			GENO:0000840	pathogenic_for_condition	OMIM:610832	Fanconi Anemia, Complementation Group N			PMID:17200668|PMID:17200671	http://data.monarchinitiative.org/ttl/clinvar.ttl	direct
ClinVarVariant:209105	NM_007294.3(BRCA1):c.594_597delTGTG (p.Ser198Argfs)	NCBITaxon:9606	Homo sapiens			GENO:0000840	pathogenic_for_condition	OMIM:227650	Fanconi Anemia, Complementation Group a			PMID:25472942	http://data.monarchinitiative.org/ttl/clinvar.ttl	direct
ClinVarVariant:220726	NM_058216.2(RAD51C):c.572-?_*120+?del	NCBITaxon:9606	Homo sapiens			GENO:0000840	pathogenic_for_condition	OMIM:613390	Fanconi anemia, complementation group O				http://data.monarchinitiative.org/ttl/clinvar.ttl	direct
ClinVarVariant:219702	NM_058216.2(RAD51C):c.(?_-1)_837+?del	NCBITaxon:9606	Homo sapiens			GENO:0000840	pathogenic_for_condition	OMIM:613390	Fanconi anemia, complementation group O				http://data.monarchinitiative.org/ttl/clinvar.ttl	direct
ClinVarVariant:208580	NM_000135.2(FANCA):c.987_990delTCAC (p.His330Alafs)	NCBITaxon:9606	Homo sapiens			GENO:0000840	pathogenic_for_condition	OMIM:227650	Fanconi Anemia, Complementation Group a			PMID:9371798|PMID:17924555|PMID:10521298|PMID:24584348	http://data.monarchinitiative.org/ttl/clinvar.ttl	direct
ClinVarVariant:126748	NM_024675.3(PALB2):c.395delT (p.Val132Alafs)	NCBITaxon:9606	Homo sapiens			GENO:0000840	pathogenic_for_condition	OMIM:610832	Fanconi Anemia, Complementation Group N				http://data.monarchinitiative.org/ttl/clinvar.ttl	direct
ClinVarVariant:140849	NM_058216.2(RAD51C):c.577C>T (p.Arg193Ter)	NCBITaxon:9606	Homo sapiens			GENO:0000840	pathogenic_for_condition	OMIM:613390	Fanconi anemia, complementation group O				http://data.monarchinitiative.org/ttl/clinvar.ttl	direct
ClinVarVariant:8710	NM_021922.2(FANCE):c.421C>T (p.Arg141Ter)	NCBITaxon:9606	Homo sapiens			GENO:0000840	pathogenic_for_condition	OMIM:600901	Fanconi Anemia, Complementation Group E			PMID:11001585	http://data.monarchinitiative.org/ttl/clinvar.ttl	direct
ClinVarVariant:126651	NM_024675.3(PALB2):c.2393_2394insCT (p.Thr799Leufs)	NCBITaxon:9606	Homo sapiens			GENO:0000840	pathogenic_for_condition	OMIM:610832	Fanconi Anemia, Complementation Group N				http://data.monarchinitiative.org/ttl/clinvar.ttl	direct
ClinVarVariant:6341	NM_022725.3(FANCF):c.349_395del47 (p.Gly120Profs)	NCBITaxon:9606	Homo sapiens			GENO:0000840	pathogenic_for_condition	OMIM:603467	Fanconi Anemia, Complementation Group F			PMID:10615118|PMID:9382107	http://data.monarchinitiative.org/ttl/clinvar.ttl	direct
ClinVarVariant:9339	NM_000059.3(BRCA2):c.8732C>A (p.Ala2911Glu)	NCBITaxon:9606	Homo sapiens			GENO:0000840	pathogenic_for_condition	OMIM:605724	Fanconi anemia, complementation group D1			PMID:12065746	http://data.monarchinitiative.org/ttl/clinvar.ttl	direct
ClinVarVariant:6342	NM_022725.3(FANCF):c.16C>T (p.Gln6Ter)	NCBITaxon:9606	Homo sapiens			GENO:0000840	pathogenic_for_condition	OMIM:603467	Fanconi Anemia, Complementation Group F			PMID:10615118	http://data.monarchinitiative.org/ttl/clinvar.ttl	direct
ClinVarVariant:134256	NM_000135.2(FANCA):c.2574C>G (p.Ser858Arg)	NCBITaxon:9606	Homo sapiens			GENO:0000840	pathogenic_for_condition	OMIM:227650	Fanconi Anemia, Complementation Group a				http://data.monarchinitiative.org/ttl/clinvar.ttl	direct
ClinVarVariant:6343	NM_022725.3(FANCF):c.484_485delCT (p.Leu162Aspfs)	NCBITaxon:9606	Homo sapiens			GENO:0000840	pathogenic_for_condition	OMIM:603467	Fanconi Anemia, Complementation Group F			PMID:10615118	http://data.monarchinitiative.org/ttl/clinvar.ttl	direct
ClinVarVariant:6344	NM_022725.3(FANCF):c.327C>G (p.Tyr109Ter)	NCBITaxon:9606	Homo sapiens			GENO:0000840	pathogenic_for_condition	OMIM:603467	Fanconi Anemia, Complementation Group F			PMID:10615118	http://data.monarchinitiative.org/ttl/clinvar.ttl	direct
ClinVarVariant:10866	FANCB, 1-BP INS, 1838T	NCBITaxon:9606	Homo sapiens			GENO:0000840	pathogenic_for_condition	OMIM:300514	Fanconi Anemia, Complementation Group B			PMID:15502827	http://data.monarchinitiative.org/ttl/clinvar.ttl	direct
ClinVarVariant:126734	NM_024675.3(PALB2):c.3323delA (p.Tyr1108Serfs)	NCBITaxon:9606	Homo sapiens			GENO:0000840	pathogenic_for_condition	OMIM:610832	Fanconi Anemia, Complementation Group N				http://data.monarchinitiative.org/ttl/clinvar.ttl	direct
ClinVarVariant:156400	NM_000135.2(FANCA):c.3066+1G>T	NCBITaxon:9606	Homo sapiens			GENO:0000840	pathogenic_for_condition	OMIM:227650	Fanconi Anemia, Complementation Group a				http://data.monarchinitiative.org/ttl/clinvar.ttl	direct
ClinVarVariant:189022	NM_000136.2(FANCC):c.520C>T (p.Arg174Ter)	NCBITaxon:9606	Homo sapiens			GENO:0000841	likely_pathogenic_for_condition	OMIM:227645	Fanconi anemia, complementation group C			PMID:9452030	http://data.monarchinitiative.org/ttl/clinvar.ttl	direct
ClinVarVariant:3443	NM_000135.2(FANCA):c.1615delG (p.Asp539Thrfs)	NCBITaxon:9606	Homo sapiens			GENO:0000840	pathogenic_for_condition	OMIM:227650	Fanconi Anemia, Complementation Group a			PMID:10431244	http://data.monarchinitiative.org/ttl/clinvar.ttl	direct
ClinVarVariant:3439	FANCA, 274-BP DEL	NCBITaxon:9606	Homo sapiens			GENO:0000840	pathogenic_for_condition	OMIM:227650	Fanconi Anemia, Complementation Group a			PMID:8896564	http://data.monarchinitiative.org/ttl/clinvar.ttl	direct
ClinVarVariant:12044	NM_000136.2(FANCC):c.553C>T (p.Arg185Ter)	NCBITaxon:9606	Homo sapiens			GENO:0000840	pathogenic_for_condition	OMIM:227645	Fanconi anemia, complementation group C				http://data.monarchinitiative.org/ttl/clinvar.ttl	direct
ClinVarVariant:126659	NM_024675.3(PALB2):c.2521delA (p.Thr841Glnfs)	NCBITaxon:9606	Homo sapiens			GENO:0000840	pathogenic_for_condition	OMIM:610832	Fanconi Anemia, Complementation Group N				http://data.monarchinitiative.org/ttl/clinvar.ttl	direct
ClinVarVariant:12050	NM_000136.2(FANCC):c.1487T>G (p.Leu496Arg)	NCBITaxon:9606	Homo sapiens			GENO:0000840	pathogenic_for_condition	OMIM:227645	Fanconi anemia, complementation group C			PMID:10431244	http://data.monarchinitiative.org/ttl/clinvar.ttl	direct
ClinVarVariant:3445	NM_000135.2(FANCA):c.1007_3066del	NCBITaxon:9606	Homo sapiens			GENO:0000840	pathogenic_for_condition	OMIM:227650	Fanconi Anemia, Complementation Group a			PMID:11344308	http://data.monarchinitiative.org/ttl/clinvar.ttl	direct
ClinVarVariant:12041	NM_001018115.2(FANCD2):c.958C>T (p.Gln320Ter)	NCBITaxon:9606	Homo sapiens			GENO:0000840	pathogenic_for_condition	OMIM:227646	Fanconi Anemia, Complementation Group D2			PMID:11239453	http://data.monarchinitiative.org/ttl/clinvar.ttl	direct
ClinVarVariant:12046	NM_000136.2(FANCC):c.37C>T (p.Gln13Ter)	NCBITaxon:9606	Homo sapiens			GENO:0000841	likely_pathogenic_for_condition	OMIM:227645	Fanconi anemia, complementation group C			PMID:8103176|PMID:8844212|PMID:8103176|PMID:9207444|PMID:8128956	http://data.monarchinitiative.org/ttl/clinvar.ttl	direct
ClinVarVariant:31021	SLX4, 1-BP DEL, 286A	NCBITaxon:9606	Homo sapiens			GENO:0000840	pathogenic_for_condition	OMIM:613951	Fanconi anemia, complementation group P			PMID:21240277	http://data.monarchinitiative.org/ttl/clinvar.ttl	direct
ClinVarVariant:141823	NM_058216.2(RAD51C):c.405-1G>C	NCBITaxon:9606	Homo sapiens			GENO:0000841	likely_pathogenic_for_condition	OMIM:613390	Fanconi anemia, complementation group O				http://data.monarchinitiative.org/ttl/clinvar.ttl	direct
ClinVarVariant:136163	NM_058216.2(RAD51C):c.97_98delCA (p.Gln33Aspfs)	NCBITaxon:9606	Homo sapiens			GENO:0000840	pathogenic_for_condition	OMIM:613390	Fanconi anemia, complementation group O				http://data.monarchinitiative.org/ttl/clinvar.ttl	direct
ClinVarVariant:4738	NM_032043.2(BRIP1):c.2392C>T (p.Arg798Ter)	NCBITaxon:9606	Homo sapiens			GENO:0000840	pathogenic_for_condition	OMIM:609054	Fanconi Anemia, Complementation Group J			PMID:16116424|PMID:16116423	http://data.monarchinitiative.org/ttl/clinvar.ttl	direct
ClinVarVariant:3442	NM_000135.2(FANCA):c.894_1006del113 (p.Trp298Cysfs)	NCBITaxon:9606	Homo sapiens			GENO:0000840	pathogenic_for_condition	OMIM:227650	Fanconi Anemia, Complementation Group a			PMID:8896564	http://data.monarchinitiative.org/ttl/clinvar.ttl	direct
ClinVarVariant:12043	NM_000136.2(FANCC):c.1661T>C (p.Leu554Pro)	NCBITaxon:9606	Homo sapiens			GENO:0000840	pathogenic_for_condition	OMIM:227645	Fanconi anemia, complementation group C			PMID:1574115|PMID:8613549|PMID:8499901	http://data.monarchinitiative.org/ttl/clinvar.ttl	direct
ClinVarVariant:3441	FANCA, 156-BP DEL, NT1515	NCBITaxon:9606	Homo sapiens			GENO:0000840	pathogenic_for_condition	OMIM:227650	Fanconi Anemia, Complementation Group a			PMID:8896564	http://data.monarchinitiative.org/ttl/clinvar.ttl	direct
ClinVarVariant:210988	NM_001114636.1(FANCL):c.1111_1114dupATTA (p.Thr372Asnfs)	NCBITaxon:9606	Homo sapiens			GENO:0000840	pathogenic_for_condition	OMIM:614083	Fanconi Anemia, Complementation Group 50				http://data.monarchinitiative.org/ttl/clinvar.ttl	direct
ClinVarVariant:224709	NM_033084.4(FANCD2):c.2097_2099delCCT (p.Leu700del)	NCBITaxon:9606	Homo sapiens			GENO:0000841	likely_pathogenic_for_condition	OMIM:227646	Fanconi Anemia, Complementation Group D2				http://data.monarchinitiative.org/ttl/clinvar.ttl	direct
ClinVarVariant:2535	NM_018062.3(FANCL):c.822-15_822-9delins177	NCBITaxon:9606	Homo sapiens			GENO:0000840	pathogenic_for_condition	OMIM:614083	Fanconi Anemia, Complementation Group 50			PMID:12973351	http://data.monarchinitiative.org/ttl/clinvar.ttl	direct
ClinVarVariant:12045	NM_000136.2(FANCC):c.456+4A>T	NCBITaxon:9606	Homo sapiens			GENO:0000840	pathogenic_for_condition	OMIM:227645	Fanconi anemia, complementation group C			PMID:7492758|PMID:11427142|PMID:8348157|PMID:8081385	http://data.monarchinitiative.org/ttl/clinvar.ttl	direct
ClinVarVariant:12040	NM_001018115.2(FANCD2):c.904C>T (p.Arg302Trp)	NCBITaxon:9606	Homo sapiens			GENO:0000840	pathogenic_for_condition	OMIM:227646	Fanconi Anemia, Complementation Group D2			PMID:11239453	http://data.monarchinitiative.org/ttl/clinvar.ttl	direct
ClinVarVariant:3444	NM_000135.2(FANCA):c.3558dupG (p.Arg1187Glufs)	NCBITaxon:9606	Homo sapiens			GENO:0000840	pathogenic_for_condition	OMIM:227650	Fanconi Anemia, Complementation Group a			PMID:10431244	http://data.monarchinitiative.org/ttl/clinvar.ttl	direct
ClinVarVariant:31025	SLX4, 1-BP DEL, 514C	NCBITaxon:9606	Homo sapiens			GENO:0000840	pathogenic_for_condition	OMIM:613951	Fanconi anemia, complementation group P			PMID:21240275	http://data.monarchinitiative.org/ttl/clinvar.ttl	direct
ClinVarVariant:6713	FANCG, IVS13, G-C, -1	NCBITaxon:9606	Homo sapiens			GENO:0000840	pathogenic_for_condition	OMIM:614082	Fanconi anemia, complementation group G			PMID:9806548	http://data.monarchinitiative.org/ttl/clinvar.ttl	direct
ClinVarVariant:12051	NM_000136.2(FANCC):c.165+1G>T	NCBITaxon:9606	Homo sapiens			GENO:0000840	pathogenic_for_condition	OMIM:227645	Fanconi anemia, complementation group C			PMID:20869034	http://data.monarchinitiative.org/ttl/clinvar.ttl	direct
ClinVarVariant:6712	NM_004629.1(FANCG):c.313G>T (p.Glu105Ter)	NCBITaxon:9606	Homo sapiens			GENO:0000840	pathogenic_for_condition	OMIM:614082	Fanconi anemia, complementation group G			PMID:11093276|PMID:9806548	http://data.monarchinitiative.org/ttl/clinvar.ttl	direct
ClinVarVariant:31024	SLX4, IVS5DS, T-A, +2	NCBITaxon:9606	Homo sapiens			GENO:0000840	pathogenic_for_condition	OMIM:613951	Fanconi anemia, complementation group P			PMID:21240275	http://data.monarchinitiative.org/ttl/clinvar.ttl	direct
ClinVarVariant:12038	NM_001018115.2(FANCD2):c.3707G>A (p.Arg1236His)	NCBITaxon:9606	Homo sapiens			GENO:0000840	pathogenic_for_condition	OMIM:227646	Fanconi Anemia, Complementation Group D2			PMID:11239453	http://data.monarchinitiative.org/ttl/clinvar.ttl	direct
ClinVarVariant:12047	NM_000136.2(FANCC):c.1642C>T (p.Arg548Ter)	NCBITaxon:9606	Homo sapiens			GENO:0000840	pathogenic_for_condition	OMIM:227645	Fanconi anemia, complementation group C			PMID:8103176	http://data.monarchinitiative.org/ttl/clinvar.ttl	direct
ClinVarVariant:31023	SLX4, IVS5DS, 1-BP DUP, T, +3	NCBITaxon:9606	Homo sapiens			GENO:0000840	pathogenic_for_condition	OMIM:613951	Fanconi anemia, complementation group P			PMID:21240277	http://data.monarchinitiative.org/ttl/clinvar.ttl	direct
ClinVarVariant:3446	NM_000135.2(FANCA):c.1606delT (p.Ser536Glnfs)	NCBITaxon:9606	Homo sapiens			GENO:0000840	pathogenic_for_condition	OMIM:227650	Fanconi Anemia, Complementation Group a			PMID:12827451	http://data.monarchinitiative.org/ttl/clinvar.ttl	direct
ClinVarVariant:12042	FANCD2, EX17 DEL	NCBITaxon:9606	Homo sapiens			GENO:0000840	pathogenic_for_condition	OMIM:227646	Fanconi Anemia, Complementation Group D2			PMID:11239453	http://data.monarchinitiative.org/ttl/clinvar.ttl	direct
ClinVarVariant:142534	NM_058216.2(RAD51C):c.97C>T (p.Gln33Ter)	NCBITaxon:9606	Homo sapiens			GENO:0000840	pathogenic_for_condition	OMIM:613390	Fanconi anemia, complementation group O				http://data.monarchinitiative.org/ttl/clinvar.ttl	direct
ClinVarVariant:9349	NM_000059.3(BRCA2):c.631+2T>G	NCBITaxon:9606	Homo sapiens			GENO:0000840	pathogenic_for_condition	OMIM:605724	Fanconi anemia, complementation group D1			PMID:16825431|PMID:15070707|PMID:15645491	http://data.monarchinitiative.org/ttl/clinvar.ttl	direct
ClinVarVariant:55826	NM_005236.2(ERCC4):c.689T>C (p.Leu230Pro)	NCBITaxon:9606	Homo sapiens			GENO:0000840	pathogenic_for_condition	OMIM:615272	Fanconi Anemia, Complementation Group Q			PMID:23623386	http://data.monarchinitiative.org/ttl/clinvar.ttl	direct
ClinVarVariant:971	FANCI, 2T-C	NCBITaxon:9606	Homo sapiens			GENO:0000840	pathogenic_for_condition	OMIM:609053	Fanconi Anemia, Complementation Group 1			PMID:17452773|PMID:17460694	http://data.monarchinitiative.org/ttl/clinvar.ttl	direct
ClinVarVariant:55396	NM_007294.3(BRCA1):c.5095C>T (p.Arg1699Trp)	NCBITaxon:9606	Homo sapiens			GENO:0000840	pathogenic_for_condition	OMIM:227650	Fanconi Anemia, Complementation Group a			PMID:25472942	http://data.monarchinitiative.org/ttl/clinvar.ttl	direct
ClinVarVariant:37043	FANCB, LEU717TER	NCBITaxon:9606	Homo sapiens			GENO:0000840	pathogenic_for_condition	OMIM:300514	Fanconi Anemia, Complementation Group B			PMID:21910217|PMID:8368240	http://data.monarchinitiative.org/ttl/clinvar.ttl	direct
ClinVarVariant:55824	NM_005236.2(ERCC4):c.2065C>A (p.Arg689Ser)	NCBITaxon:9606	Homo sapiens			GENO:0000840	pathogenic_for_condition	OMIM:615272	Fanconi Anemia, Complementation Group Q			PMID:23623386	http://data.monarchinitiative.org/ttl/clinvar.ttl	direct
ClinVarVariant:9347	NM_000059.3(BRCA2):c.9196C>T (p.Gln3066Ter)	NCBITaxon:9606	Homo sapiens			GENO:0000840	pathogenic_for_condition	OMIM:605724	Fanconi anemia, complementation group D1			PMID:16825431	http://data.monarchinitiative.org/ttl/clinvar.ttl	direct
ClinVarVariant:9348	NM_000059.3(BRCA2):c.631+1G>A	NCBITaxon:9606	Homo sapiens			GENO:0000840	pathogenic_for_condition	OMIM:605724	Fanconi anemia, complementation group D1			PMID:16825431|PMID:15070707	http://data.monarchinitiative.org/ttl/clinvar.ttl	direct
ClinVarVariant:219825	NM_058216.2(RAD51C):c.572-?_*(1_?)del	NCBITaxon:9606	Homo sapiens			GENO:0000840	pathogenic_for_condition	OMIM:613390	Fanconi anemia, complementation group O				http://data.monarchinitiative.org/ttl/clinvar.ttl	direct
ClinVarVariant:55825	NM_005236.2(ERCC4):c.2371_2398dup28 (p.Ile800Thrfs)	NCBITaxon:9606	Homo sapiens			GENO:0000840	pathogenic_for_condition	OMIM:615272	Fanconi Anemia, Complementation Group Q			PMID:23623386	http://data.monarchinitiative.org/ttl/clinvar.ttl	direct
ClinVarVariant:31556	NM_058216.2(RAD51C):c.397C>T (p.Gln133Ter)	NCBITaxon:9606	Homo sapiens			GENO:0000840	pathogenic_for_condition	OMIM:613390	Fanconi anemia, complementation group O				http://data.monarchinitiative.org/ttl/clinvar.ttl	direct
ClinVarVariant:9325	NM_000059.3(BRCA2):c.5946delT (p.Ser1982Argfs)	NCBITaxon:9606	Homo sapiens			GENO:0000840	pathogenic_for_condition	OMIM:605724	Fanconi anemia, complementation group D1			PMID:16825431|PMID:8193701|PMID:10417300|PMID:9140390|PMID:8673092|PMID:10398279|PMID:18264088|PMID:8841191|PMID:8841192|PMID:14559878|PMID:12097290	http://data.monarchinitiative.org/ttl/clinvar.ttl	direct
ClinVarVariant:30701	FANCL, 3-BP DEL, 1007TAT	NCBITaxon:9606	Homo sapiens			GENO:0000840	pathogenic_for_condition	OMIM:614083	Fanconi Anemia, Complementation Group 50			PMID:19405097	http://data.monarchinitiative.org/ttl/clinvar.ttl	direct
ClinVarVariant:974	FANCI, IVS31AS, A-G, -88	NCBITaxon:9606	Homo sapiens			GENO:0000840	pathogenic_for_condition	OMIM:609053	Fanconi Anemia, Complementation Group 1			PMID:17452773	http://data.monarchinitiative.org/ttl/clinvar.ttl	direct
ClinVarVariant:30702	FANCL, 4-BP DUP, 1095AATT	NCBITaxon:9606	Homo sapiens			GENO:0000840	pathogenic_for_condition	OMIM:614083	Fanconi Anemia, Complementation Group 50			PMID:19405097	http://data.monarchinitiative.org/ttl/clinvar.ttl	direct
ClinVarVariant:972	NM_001113378.1(FANCI):c.3854G>A (p.Arg1285Gln)	NCBITaxon:9606	Homo sapiens			GENO:0000840	pathogenic_for_condition	OMIM:609053	Fanconi Anemia, Complementation Group 1			PMID:17452773|PMID:17412408	http://data.monarchinitiative.org/ttl/clinvar.ttl	direct
ClinVarVariant:37044	FANCB, 2-BP DEL, 1857AG	NCBITaxon:9606	Homo sapiens			GENO:0000840	pathogenic_for_condition	OMIM:300514	Fanconi Anemia, Complementation Group B			PMID:21910217	http://data.monarchinitiative.org/ttl/clinvar.ttl	direct
ClinVarVariant:973	NM_001113378.1(FANCI):c.3853C>T (p.Arg1285Ter)	NCBITaxon:9606	Homo sapiens			GENO:0000840	pathogenic_for_condition	OMIM:609053	Fanconi Anemia, Complementation Group 1			PMID:17452773	http://data.monarchinitiative.org/ttl/clinvar.ttl	direct
ClinVarVariant:208581	NM_022725.3(FANCF):c.690delT (p.Gly231Glufs)	NCBITaxon:9606	Homo sapiens			GENO:0000841	likely_pathogenic_for_condition	OMIM:603467	Fanconi Anemia, Complementation Group F			PMID:16084127|PMID:10615118	http://data.monarchinitiative.org/ttl/clinvar.ttl	direct
ClinVarVariant:220591	NM_058216.2(RAD51C):c.706-?_*120+?del	NCBITaxon:9606	Homo sapiens			GENO:0000840	pathogenic_for_condition	OMIM:613390	Fanconi anemia, complementation group O				http://data.monarchinitiative.org/ttl/clinvar.ttl	direct
ClinVarVariant:209076	NM_001114636.1(FANCL):c.268delC (p.Leu90Phefs)	NCBITaxon:9606	Homo sapiens			GENO:0000840	pathogenic_for_condition	OMIM:614083	Fanconi Anemia, Complementation Group 50			PMID:25754594	http://data.monarchinitiative.org/ttl/clinvar.ttl	direct
ClinVarVariant:3440	NM_000135.2(FANCA):c.1115_1118delTTGG (p.Val372Alafs)	NCBITaxon:9606	Homo sapiens			GENO:0000840	pathogenic_for_condition	OMIM:227650	Fanconi Anemia, Complementation Group a			PMID:8896564	http://data.monarchinitiative.org/ttl/clinvar.ttl	direct
ClinVarVariant:8711	FANCE, IVS5AS, G-A, -8	NCBITaxon:9606	Homo sapiens			GENO:0000840	pathogenic_for_condition	OMIM:600901	Fanconi Anemia, Complementation Group E			PMID:11001585|PMID:10205272	http://data.monarchinitiative.org/ttl/clinvar.ttl	direct
ClinVarVariant:209077	NM_001114636.1(FANCL):c.430delT (p.Ser144Leufs)	NCBITaxon:9606	Homo sapiens			GENO:0000840	pathogenic_for_condition	OMIM:614083	Fanconi Anemia, Complementation Group 50			PMID:25754594	http://data.monarchinitiative.org/ttl/clinvar.ttl	direct
OMIM:227645.0003	OMIM:227645.0003							OMIM:227645	Fanconi anemia, complementation group C				http://data.monarchinitiative.org/ttl/coriell.ttl	inferred
ClinVarVariant:31022	SLX4, 1-BP DEL, 1093C	NCBITaxon:9606	Homo sapiens			GENO:0000840	pathogenic_for_condition	OMIM:613951	Fanconi anemia, complementation group P			PMID:21240277	http://data.monarchinitiative.org/ttl/clinvar.ttl	direct
ClinVarVariant:9345	NM_000059.3(BRCA2):c.7529T>C (p.Leu2510Pro)	NCBITaxon:9606	Homo sapiens			GENO:0000840	pathogenic_for_condition	OMIM:605724	Fanconi anemia, complementation group D1			PMID:14670928	http://data.monarchinitiative.org/ttl/clinvar.ttl	direct
ClinVarVariant:55823	NM_005236.2(ERCC4):c.1484_1488delCTCAA (p.Thr495Asnfs)	NCBITaxon:9606	Homo sapiens			GENO:0000840	pathogenic_for_condition	OMIM:615272	Fanconi Anemia, Complementation Group Q			PMID:23623386	http://data.monarchinitiative.org/ttl/clinvar.ttl	direct
ClinVarVariant:126768	NM_024675.3(PALB2):c.757_758delCT (p.Leu253Ilefs)	NCBITaxon:9606	Homo sapiens			GENO:0000840	pathogenic_for_condition	OMIM:610832	Fanconi Anemia, Complementation Group N				http://data.monarchinitiative.org/ttl/clinvar.ttl	direct
ClinVarVariant:9343	NM_000059.3(BRCA2):c.8219T>A (p.Leu2740Ter)	NCBITaxon:9606	Homo sapiens			GENO:0000840	pathogenic_for_condition	OMIM:605724	Fanconi anemia, complementation group D1			PMID:14670928	http://data.monarchinitiative.org/ttl/clinvar.ttl	direct
ClinVarVariant:9344	NM_000059.3(BRCA2):c.4648G>T (p.Glu1550Ter)	NCBITaxon:9606	Homo sapiens			GENO:0000840	pathogenic_for_condition	OMIM:605724	Fanconi anemia, complementation group D1			PMID:14670928	http://data.monarchinitiative.org/ttl/clinvar.ttl	direct
ClinVarVariant:136155	NM_058216.2(RAD51C):c.1027-2A>G	NCBITaxon:9606	Homo sapiens			GENO:0000840	pathogenic_for_condition	OMIM:613390	Fanconi anemia, complementation group O				http://data.monarchinitiative.org/ttl/clinvar.ttl	direct
