hgvs_text	Monarch_PMIDs	Text2Gene_PMIDs	Query_link
NM_021922.2(FANCE):c.355C>T	2	18	http://text2gene.com:5000/query/NM_021922.2:c.355C>T
NM_000135.2(FANCA):c.4015delC	0	3	http://text2gene.com:5000/query/NM_000135.2:c.4015delC
NM_004629.1(FANCG):c.1183_1192delGAGGTGTTTT	0	1	http://text2gene.com:5000/query/NM_004629.1:c.1183_1192delGAGGTGTTTT
NM_000059.3(BRCA2):c.658_659delGT	3	19	http://text2gene.com:5000/query/NM_000059.3:c.658_659delGT
NM_058216.2(RAD51C):c.905-2A>C	0	2	http://text2gene.com:5000/query/NM_058216.2:c.905-2A>C
NM_022725.3(FANCF):c.230_252del23	1	1	http://text2gene.com:5000/query/NM_022725.3:c.230_252del23
NM_058216.2(RAD51C):c.773G>A	1	16	http://text2gene.com:5000/query/NM_058216.2:c.773G>A
NM_058216.2(RAD51C):c.224dupA	0	1	http://text2gene.com:5000/query/NM_058216.2:c.224dupA
NM_014176.3(UBE2T):c.179+5G>A	1	1	http://text2gene.com:5000/query/NM_014176.3:c.179+5G>A
NM_000135.2(FANCA):c.2557C>T	2	6	http://text2gene.com:5000/query/NM_000135.2:c.2557C>T
NM_014176.3(UBE2T):c.4C>G	1	2	http://text2gene.com:5000/query/NM_014176.3:c.4C>G
NM_001113378.1(FANCI):c.2422A>T	0	2	http://text2gene.com:5000/query/NM_001113378.1:c.2422A>T
NM_000136.2(FANCC):c.65G>A	2	15	http://text2gene.com:5000/query/NM_000136.2:c.65G>A
NM_032043.2(BRIP1):c.1045G>C	2	19	http://text2gene.com:5000/query/NM_032043.2:c.1045G>C
NM_000136.2(FANCC):c.844-1G>C	1	1	http://text2gene.com:5000/query/NM_000136.2:c.844-1G>C
NM_000136.2(FANCC):c.1555dupA	1	1	http://text2gene.com:5000/query/NM_000136.2:c.1555dupA
NM_004629.1(FANCG):c.307+1G>C	1	4	http://text2gene.com:5000/query/NM_004629.1:c.307+1G>C
NM_000135.2(FANCA):c.513G>A	1	17	http://text2gene.com:5000/query/NM_000135.2:c.513G>A
NM_000135.2(FANCA):c.3788_3790delTCT	0	2	http://text2gene.com:5000/query/NM_000135.2:c.3788_3790delTCT
NM_024675.3(PALB2):c.1653T>A	1	8	http://text2gene.com:5000/query/NM_024675.3:c.1653T>A
NM_004629.1(FANCG):c.1066C>T	1	10	http://text2gene.com:5000/query/NM_004629.1:c.1066C>T
NM_024675.3(PALB2):c.1676_1677delAAinsG	0	2	http://text2gene.com:5000/query/NM_024675.3:c.1676_1677delAAinsG
NM_000136.2(FANCC):c.67delG	2	7	http://text2gene.com:5000/query/NM_000136.2:c.67delG
NM_004629.1(FANCG):c.925-2A>G	1	2	http://text2gene.com:5000/query/NM_004629.1:c.925-2A>G
NM_024675.3(PALB2):c.3549C>G	2	21	http://text2gene.com:5000/query/NM_024675.3:c.3549C>G
NM_004629.1(FANCG):c.1794_1803delCTGGATCCGT	1	3	http://text2gene.com:5000/query/NM_004629.1:c.1794_1803delCTGGATCCGT
NM_000135.2(FANCA):c.3720_3724delAAACA	1	6	http://text2gene.com:5000/query/NM_000135.2:c.3720_3724delAAACA
NM_004629.1(FANCG):c.1480+1G>C	1	2	http://text2gene.com:5000/query/NM_004629.1:c.1480+1G>C
NM_004629.1(FANCG):c.637_643delTACCGCC	2	9	http://text2gene.com:5000/query/NM_004629.1:c.637_643delTACCGCC
NM_024675.3(PALB2):c.2962C>T	1	6	http://text2gene.com:5000/query/NM_024675.3:c.2962C>T
NM_058216.2(RAD51C):c.93delG	0	0	http://text2gene.com:5000/query/NM_058216.2:c.93delG
NM_024675.3(PALB2):c.3116delA	2	15	http://text2gene.com:5000/query/NM_024675.3:c.3116delA
NM_007294.3(BRCA1):c.594_597delTGTG	1	1	http://text2gene.com:5000/query/NM_007294.3:c.594_597delTGTG
NM_000135.2(FANCA):c.987_990delTCAC	4	8	http://text2gene.com:5000/query/NM_000135.2:c.987_990delTCAC
NM_024675.3(PALB2):c.395delT	0	3	http://text2gene.com:5000/query/NM_024675.3:c.395delT
NM_058216.2(RAD51C):c.577C>T	0	9	http://text2gene.com:5000/query/NM_058216.2:c.577C>T
NM_021922.2(FANCE):c.421C>T	1	17	http://text2gene.com:5000/query/NM_021922.2:c.421C>T
NM_024675.3(PALB2):c.2393_2394insCT	0	3	http://text2gene.com:5000/query/NM_024675.3:c.2393_2394insCT
NM_022725.3(FANCF):c.349_395del47	2	2	http://text2gene.com:5000/query/NM_022725.3:c.349_395del47
NM_000059.3(BRCA2):c.8732C>A	1	12	http://text2gene.com:5000/query/NM_000059.3:c.8732C>A
NM_022725.3(FANCF):c.16C>T	1	8	http://text2gene.com:5000/query/NM_022725.3:c.16C>T
NM_000135.2(FANCA):c.2574C>G	0	18	http://text2gene.com:5000/query/NM_000135.2:c.2574C>G
NM_022725.3(FANCF):c.484_485delCT	1	5	http://text2gene.com:5000/query/NM_022725.3:c.484_485delCT
NM_022725.3(FANCF):c.327C>G	1	2	http://text2gene.com:5000/query/NM_022725.3:c.327C>G
NM_024675.3(PALB2):c.3323delA	0	5	http://text2gene.com:5000/query/NM_024675.3:c.3323delA
NM_000135.2(FANCA):c.3066+1G>T	0	1	http://text2gene.com:5000/query/NM_000135.2:c.3066+1G>T
NM_000136.2(FANCC):c.520C>T	1	15	http://text2gene.com:5000/query/NM_000136.2:c.520C>T
NM_000135.2(FANCA):c.1615delG	1	1	http://text2gene.com:5000/query/NM_000135.2:c.1615delG
NM_000136.2(FANCC):c.553C>T	0	16	http://text2gene.com:5000/query/NM_000136.2:c.553C>T
NM_024675.3(PALB2):c.2521delA	0	6	http://text2gene.com:5000/query/NM_024675.3:c.2521delA
NM_000136.2(FANCC):c.1487T>G	1	7	http://text2gene.com:5000/query/NM_000136.2:c.1487T>G
NM_000135.2(FANCA):c.1007_3066del	1	0	http://text2gene.com:5000/query/NM_000135.2:c.1007_3066del
NM_001018115.2(FANCD2):c.958C>T	1	4	http://text2gene.com:5000/query/NM_001018115.2:c.958C>T
NM_000136.2(FANCC):c.37C>T	5	19	http://text2gene.com:5000/query/NM_000136.2:c.37C>T
NM_058216.2(RAD51C):c.405-1G>C	0	0	http://text2gene.com:5000/query/NM_058216.2:c.405-1G>C
NM_058216.2(RAD51C):c.97_98delCA	0	0	http://text2gene.com:5000/query/NM_058216.2:c.97_98delCA
NM_032043.2(BRIP1):c.2392C>T	2	20	http://text2gene.com:5000/query/NM_032043.2:c.2392C>T
NM_000135.2(FANCA):c.894_1006del113	1	1	http://text2gene.com:5000/query/NM_000135.2:c.894_1006del113
NM_000136.2(FANCC):c.1661T>C	3	19	http://text2gene.com:5000/query/NM_000136.2:c.1661T>C
NM_001114636.1(FANCL):c.1111_1114dupATTA	0	1	http://text2gene.com:5000/query/NM_001114636.1:c.1111_1114dupATTA
NM_033084.4(FANCD2):c.2097_2099delCCT	0	0	http://text2gene.com:5000/query/NM_033084.4:c.2097_2099delCCT
NM_000136.2(FANCC):c.456+4A>T	4	5	http://text2gene.com:5000/query/NM_000136.2:c.456+4A>T
NM_001018115.2(FANCD2):c.904C>T	1	11	http://text2gene.com:5000/query/NM_001018115.2:c.904C>T
NM_000135.2(FANCA):c.3558dupG	1	4	http://text2gene.com:5000/query/NM_000135.2:c.3558dupG
NM_000136.2(FANCC):c.165+1G>T	1	1	http://text2gene.com:5000/query/NM_000136.2:c.165+1G>T
NM_004629.1(FANCG):c.313G>T	2	9	http://text2gene.com:5000/query/NM_004629.1:c.313G>T
NM_001018115.2(FANCD2):c.3707G>A	1	7	http://text2gene.com:5000/query/NM_001018115.2:c.3707G>A
NM_000136.2(FANCC):c.1642C>T	1	17	http://text2gene.com:5000/query/NM_000136.2:c.1642C>T
NM_000135.2(FANCA):c.1606delT	1	1	http://text2gene.com:5000/query/NM_000135.2:c.1606delT
NM_058216.2(RAD51C):c.97C>T	0	4	http://text2gene.com:5000/query/NM_058216.2:c.97C>T
NM_000059.3(BRCA2):c.631+2T>G	3	25	http://text2gene.com:5000/query/NM_000059.3:c.631+2T>G
NM_005236.2(ERCC4):c.689T>C	1	7	http://text2gene.com:5000/query/NM_005236.2:c.689T>C
NM_007294.3(BRCA1):c.5095C>T	1	27	http://text2gene.com:5000/query/NM_007294.3:c.5095C>T
NM_005236.2(ERCC4):c.2065C>A	1	5	http://text2gene.com:5000/query/NM_005236.2:c.2065C>A
NM_000059.3(BRCA2):c.9196C>T	1	11	http://text2gene.com:5000/query/NM_000059.3:c.9196C>T
NM_000059.3(BRCA2):c.631+1G>A	2	4	http://text2gene.com:5000/query/NM_000059.3:c.631+1G>A
NM_005236.2(ERCC4):c.2371_2398dup28	1	3	http://text2gene.com:5000/query/NM_005236.2:c.2371_2398dup28
NM_058216.2(RAD51C):c.397C>T	0	6	http://text2gene.com:5000/query/NM_058216.2:c.397C>T
NM_000059.3(BRCA2):c.5946delT	11	40	http://text2gene.com:5000/query/NM_000059.3:c.5946delT
NM_001113378.1(FANCI):c.3854G>A	2	7	http://text2gene.com:5000/query/NM_001113378.1:c.3854G>A
NM_001113378.1(FANCI):c.3853C>T	1	5	http://text2gene.com:5000/query/NM_001113378.1:c.3853C>T
NM_022725.3(FANCF):c.690delT	2	3	http://text2gene.com:5000/query/NM_022725.3:c.690delT
NM_001114636.1(FANCL):c.268delC	1	1	http://text2gene.com:5000/query/NM_001114636.1:c.268delC
NM_000135.2(FANCA):c.1115_1118delTTGG	1	4	http://text2gene.com:5000/query/NM_000135.2:c.1115_1118delTTGG
NM_001114636.1(FANCL):c.430delT	1	1	http://text2gene.com:5000/query/NM_001114636.1:c.430delT
NM_000059.3(BRCA2):c.7529T>C	1	11	http://text2gene.com:5000/query/NM_000059.3:c.7529T>C
NM_005236.2(ERCC4):c.1484_1488delCTCAA	1	2	http://text2gene.com:5000/query/NM_005236.2:c.1484_1488delCTCAA
NM_024675.3(PALB2):c.757_758delCT	0	5	http://text2gene.com:5000/query/NM_024675.3:c.757_758delCT
NM_000059.3(BRCA2):c.8219T>A	1	5	http://text2gene.com:5000/query/NM_000059.3:c.8219T>A
NM_000059.3(BRCA2):c.4648G>T	1	6	http://text2gene.com:5000/query/NM_000059.3:c.4648G>T
NM_058216.2(RAD51C):c.1027-2A>G	0	0	http://text2gene.com:5000/query/NM_058216.2:c.1027-2A>G
